u,i,ts,label
5,51,0.0,1
5,72,0.0,1
5,74,0.0,1
6,63,0.0,1
6,115,0.0,1
6,126,0.0,1
6,136,0.0,1
7,32,0.0,1
9,13,0.0,1
9,20,0.0,1
9,48,0.0,1
9,91,0.0,1
9,152,0.0,1
12,34,0.0,1
13,9,0.0,1
13,91,0.0,1
14,90,0.0,1
16,47,0.0,1
16,93,0.0,1
16,118,0.0,1
20,9,0.0,1
21,133,0.0,1
23,95,0.0,1
23,161,0.0,1
25,108,0.0,1
27,34,0.0,1
27,37,0.0,1
27,63,0.0,1
27,74,0.0,1
28,183,0.0,1
29,50,0.0,1
29,171,0.0,1
31,95,0.0,1
32,7,0.0,1
32,77,0.0,1
32,86,0.0,1
33,161,0.0,1
34,12,0.0,1
34,27,0.0,1
34,38,0.0,1
34,63,0.0,1
34,73,0.0,1
34,82,0.0,1
34,107,0.0,1
34,133,0.0,1
34,146,0.0,1
34,167,0.0,1
35,44,0.0,1
37,27,0.0,1
37,74,0.0,1
38,34,0.0,1
39,116,0.0,1
39,126,0.0,1
40,121,0.0,1
41,90,0.0,1
44,35,0.0,1
47,16,0.0,1
47,126,0.0,1
48,9,0.0,1
49,107,0.0,1
50,29,0.0,1
50,115,0.0,1
50,172,0.0,1
51,5,0.0,1
51,73,0.0,1
51,74,0.0,1
51,82,0.0,1
51,94,0.0,1
53,133,0.0,1
57,74,0.0,1
61,126,0.0,1
62,126,0.0,1
63,6,0.0,1
63,27,0.0,1
63,34,0.0,1
63,73,0.0,1
63,82,0.0,1
63,107,0.0,1
63,146,0.0,1
64,133,0.0,1
69,74,0.0,1
72,5,0.0,1
73,34,0.0,1
73,51,0.0,1
73,63,0.0,1
73,74,0.0,1
73,146,0.0,1
73,158,0.0,1
73,161,0.0,1
74,5,0.0,1
74,27,0.0,1
74,37,0.0,1
74,51,0.0,1
74,57,0.0,1
74,69,0.0,1
74,73,0.0,1
74,82,0.0,1
74,94,0.0,1
74,107,0.0,1
74,128,0.0,1
74,147,0.0,1
74,161,0.0,1
77,32,0.0,1
78,82,0.0,1
78,159,0.0,1
82,34,0.0,1
82,51,0.0,1
82,63,0.0,1
82,74,0.0,1
82,78,0.0,1
82,84,0.0,1
84,82,0.0,1
85,133,0.0,1
86,32,0.0,1
89,126,0.0,1
90,14,0.0,1
90,41,0.0,1
90,130,0.0,1
91,9,0.0,1
91,13,0.0,1
93,16,0.0,1
93,126,0.0,1
94,51,0.0,1
94,74,0.0,1
95,23,0.0,1
95,31,0.0,1
95,98,0.0,1
95,100,0.0,1
95,124,0.0,1
95,151,0.0,1
95,170,0.0,1
98,95,0.0,1
98,103,0.0,1
98,124,0.0,1
99,136,0.0,1
100,95,0.0,1
102,126,0.0,1
103,98,0.0,1
103,124,0.0,1
107,34,0.0,1
107,49,0.0,1
107,63,0.0,1
107,74,0.0,1
107,153,0.0,1
108,25,0.0,1
108,158,0.0,1
110,155,0.0,1
115,6,0.0,1
115,50,0.0,1
115,171,0.0,1
115,174,0.0,1
116,39,0.0,1
116,159,0.0,1
118,16,0.0,1
118,126,0.0,1
120,126,0.0,1
121,40,0.0,1
124,95,0.0,1
124,98,0.0,1
124,103,0.0,1
125,133,0.0,1
126,6,0.0,1
126,39,0.0,1
126,47,0.0,1
126,61,0.0,1
126,62,0.0,1
126,89,0.0,1
126,93,0.0,1
126,102,0.0,1
126,118,0.0,1
126,120,0.0,1
126,132,0.0,1
126,134,0.0,1
126,136,0.0,1
126,176,0.0,1
128,74,0.0,1
130,90,0.0,1
132,126,0.0,1
132,136,0.0,1
132,176,0.0,1
133,21,0.0,1
133,34,0.0,1
133,53,0.0,1
133,64,0.0,1
133,85,0.0,1
133,125,0.0,1
133,146,0.0,1
133,149,0.0,1
134,126,0.0,1
136,6,0.0,1
136,99,0.0,1
136,126,0.0,1
136,132,0.0,1
146,34,0.0,1
146,63,0.0,1
146,73,0.0,1
146,133,0.0,1
147,74,0.0,1
147,153,0.0,1
149,133,0.0,1
151,95,0.0,1
151,161,0.0,1
151,177,0.0,1
152,9,0.0,1
153,107,0.0,1
153,147,0.0,1
153,183,0.0,1
155,110,0.0,1
158,73,0.0,1
158,108,0.0,1
158,161,0.0,1
159,78,0.0,1
159,116,0.0,1
161,23,0.0,1
161,33,0.0,1
161,73,0.0,1
161,74,0.0,1
161,151,0.0,1
161,158,0.0,1
167,34,0.0,1
170,95,0.0,1
171,29,0.0,1
171,115,0.0,1
172,50,0.0,1
174,115,0.0,1
176,126,0.0,1
176,132,0.0,1
177,151,0.0,1
183,28,0.0,1
183,153,0.0,1
1,15,1.0,1
1,70,1.0,1
1,78,1.0,1
5,73,1.0,1
5,74,1.0,1
5,78,1.0,1
5,107,1.0,1
6,82,1.0,1
6,115,1.0,1
6,126,1.0,1
6,136,1.0,1
7,32,1.0,1
9,20,1.0,1
9,48,1.0,1
9,91,1.0,1
9,152,1.0,1
10,116,1.0,1
12,37,1.0,1
12,63,1.0,1
12,73,1.0,1
12,146,1.0,1
13,30,1.0,1
14,130,1.0,1
15,1,1.0,1
15,39,1.0,1
15,70,1.0,1
15,75,1.0,1
19,83,1.0,1
20,9,1.0,1
21,133,1.0,1
23,74,1.0,1
23,151,1.0,1
25,98,1.0,1
25,103,1.0,1
25,124,1.0,1
27,63,1.0,1
27,73,1.0,1
27,74,1.0,1
27,82,1.0,1
28,183,1.0,1
29,50,1.0,1
29,106,1.0,1
29,171,1.0,1
30,13,1.0,1
31,95,1.0,1
32,7,1.0,1
32,77,1.0,1
32,86,1.0,1
34,63,1.0,1
34,146,1.0,1
36,78,1.0,1
37,12,1.0,1
37,73,1.0,1
37,74,1.0,1
37,123,1.0,1
38,92,1.0,1
38,172,1.0,1
39,15,1.0,1
39,68,1.0,1
39,70,1.0,1
39,75,1.0,1
39,116,1.0,1
39,118,1.0,1
39,126,1.0,1
39,130,1.0,1
40,121,1.0,1
44,77,1.0,1
47,116,1.0,1
47,126,1.0,1
48,9,1.0,1
50,29,1.0,1
50,115,1.0,1
50,171,1.0,1
50,172,1.0,1
51,73,1.0,1
51,74,1.0,1
51,107,1.0,1
53,133,1.0,1
57,73,1.0,1
57,74,1.0,1
61,126,1.0,1
62,126,1.0,1
63,12,1.0,1
63,27,1.0,1
63,34,1.0,1
63,73,1.0,1
63,82,1.0,1
63,107,1.0,1
63,146,1.0,1
64,121,1.0,1
64,133,1.0,1
68,39,1.0,1
69,74,1.0,1
70,1,1.0,1
70,15,1.0,1
70,39,1.0,1
70,82,1.0,1
70,107,1.0,1
72,74,1.0,1
73,5,1.0,1
73,12,1.0,1
73,27,1.0,1
73,37,1.0,1
73,51,1.0,1
73,57,1.0,1
73,63,1.0,1
73,74,1.0,1
73,82,1.0,1
73,107,1.0,1
73,123,1.0,1
73,128,1.0,1
73,146,1.0,1
73,147,1.0,1
73,161,1.0,1
74,5,1.0,1
74,23,1.0,1
74,27,1.0,1
74,37,1.0,1
74,51,1.0,1
74,57,1.0,1
74,69,1.0,1
74,72,1.0,1
74,73,1.0,1
74,82,1.0,1
74,89,1.0,1
74,94,1.0,1
74,107,1.0,1
74,128,1.0,1
74,146,1.0,1
74,147,1.0,1
74,151,1.0,1
74,153,1.0,1
74,161,1.0,1
75,15,1.0,1
75,39,1.0,1
77,32,1.0,1
77,44,1.0,1
77,86,1.0,1
78,1,1.0,1
78,5,1.0,1
78,36,1.0,1
78,82,1.0,1
82,6,1.0,1
82,27,1.0,1
82,63,1.0,1
82,70,1.0,1
82,73,1.0,1
82,74,1.0,1
82,78,1.0,1
82,89,1.0,1
82,107,1.0,1
82,126,1.0,1
82,133,1.0,1
82,183,1.0,1
83,19,1.0,1
85,133,1.0,1
86,32,1.0,1
86,77,1.0,1
89,74,1.0,1
89,82,1.0,1
89,126,1.0,1
89,157,1.0,1
91,9,1.0,1
92,38,1.0,1
93,126,1.0,1
94,74,1.0,1
94,123,1.0,1
95,31,1.0,1
95,98,1.0,1
95,100,1.0,1
95,124,1.0,1
95,170,1.0,1
98,25,1.0,1
98,95,1.0,1
98,103,1.0,1
98,108,1.0,1
98,113,1.0,1
98,124,1.0,1
100,95,1.0,1
102,126,1.0,1
103,25,1.0,1
103,98,1.0,1
103,108,1.0,1
103,124,1.0,1
106,29,1.0,1
107,5,1.0,1
107,51,1.0,1
107,63,1.0,1
107,70,1.0,1
107,73,1.0,1
107,74,1.0,1
107,82,1.0,1
107,147,1.0,1
107,153,1.0,1
107,183,1.0,1
108,98,1.0,1
108,103,1.0,1
108,158,1.0,1
110,155,1.0,1
110,162,1.0,1
110,165,1.0,1
110,169,1.0,1
113,98,1.0,1
115,6,1.0,1
115,50,1.0,1
115,171,1.0,1
115,174,1.0,1
116,10,1.0,1
116,39,1.0,1
116,47,1.0,1
116,118,1.0,1
116,126,1.0,1
116,157,1.0,1
116,159,1.0,1
116,176,1.0,1
118,39,1.0,1
118,116,1.0,1
118,126,1.0,1
120,126,1.0,1
121,40,1.0,1
121,64,1.0,1
121,133,1.0,1
123,37,1.0,1
123,73,1.0,1
123,94,1.0,1
124,25,1.0,1
124,95,1.0,1
124,98,1.0,1
124,103,1.0,1
125,133,1.0,1
126,6,1.0,1
126,39,1.0,1
126,47,1.0,1
126,61,1.0,1
126,62,1.0,1
126,82,1.0,1
126,89,1.0,1
126,93,1.0,1
126,102,1.0,1
126,116,1.0,1
126,118,1.0,1
126,120,1.0,1
126,132,1.0,1
126,134,1.0,1
126,136,1.0,1
126,176,1.0,1
128,73,1.0,1
128,74,1.0,1
130,14,1.0,1
130,39,1.0,1
132,126,1.0,1
133,21,1.0,1
133,53,1.0,1
133,64,1.0,1
133,82,1.0,1
133,85,1.0,1
133,121,1.0,1
133,125,1.0,1
133,149,1.0,1
133,183,1.0,1
134,126,1.0,1
136,6,1.0,1
136,126,1.0,1
146,12,1.0,1
146,34,1.0,1
146,63,1.0,1
146,73,1.0,1
146,74,1.0,1
147,73,1.0,1
147,74,1.0,1
147,107,1.0,1
147,153,1.0,1
149,133,1.0,1
151,23,1.0,1
151,74,1.0,1
151,177,1.0,1
152,9,1.0,1
153,74,1.0,1
153,107,1.0,1
153,147,1.0,1
153,183,1.0,1
155,110,1.0,1
155,162,1.0,1
155,165,1.0,1
157,89,1.0,1
157,116,1.0,1
158,108,1.0,1
159,116,1.0,1
161,73,1.0,1
161,74,1.0,1
162,110,1.0,1
162,155,1.0,1
165,110,1.0,1
165,155,1.0,1
165,169,1.0,1
169,110,1.0,1
169,165,1.0,1
170,95,1.0,1
171,29,1.0,1
171,50,1.0,1
171,115,1.0,1
172,38,1.0,1
172,50,1.0,1
174,115,1.0,1
176,116,1.0,1
176,126,1.0,1
177,151,1.0,1
183,28,1.0,1
183,82,1.0,1
183,107,1.0,1
183,133,1.0,1
183,153,1.0,1
1,78,2.0,1
1,82,2.0,1
2,90,2.0,1
4,78,2.0,1
5,74,2.0,1
6,27,2.0,1
6,63,2.0,1
6,82,2.0,1
6,89,2.0,1
6,115,2.0,1
6,126,2.0,1
6,136,2.0,1
6,174,2.0,1
7,32,2.0,1
7,76,2.0,1
9,20,2.0,1
9,48,2.0,1
9,91,2.0,1
9,152,2.0,1
10,90,2.0,1
10,116,2.0,1
12,34,2.0,1
12,37,2.0,1
12,57,2.0,1
12,63,2.0,1
12,123,2.0,1
13,30,2.0,1
13,142,2.0,1
14,41,2.0,1
14,130,2.0,1
16,83,2.0,1
16,93,2.0,1
16,126,2.0,1
17,84,2.0,1
17,90,2.0,1
19,83,2.0,1
20,9,2.0,1
21,82,2.0,1
21,183,2.0,1
23,33,2.0,1
23,98,2.0,1
23,151,2.0,1
23,158,2.0,1
25,103,2.0,1
25,108,2.0,1
25,158,2.0,1
27,6,2.0,1
27,63,2.0,1
27,74,2.0,1
27,146,2.0,1
28,121,2.0,1
28,183,2.0,1
29,50,2.0,1
29,171,2.0,1
30,13,2.0,1
30,129,2.0,1
31,98,2.0,1
32,7,2.0,1
32,77,2.0,1
32,86,2.0,1
33,23,2.0,1
33,57,2.0,1
33,98,2.0,1
33,108,2.0,1
33,151,2.0,1
33,158,2.0,1
33,161,2.0,1
34,12,2.0,1
34,63,2.0,1
34,73,2.0,1
34,82,2.0,1
34,107,2.0,1
34,133,2.0,1
34,146,2.0,1
35,138,2.0,1
36,78,2.0,1
36,169,2.0,1
37,12,2.0,1
37,57,2.0,1
37,74,2.0,1
39,116,2.0,1
39,126,2.0,1
39,130,2.0,1
39,134,2.0,1
40,121,2.0,1
41,14,2.0,1
41,130,2.0,1
43,90,2.0,1
45,90,2.0,1
47,61,2.0,1
47,116,2.0,1
47,126,2.0,1
47,134,2.0,1
48,9,2.0,1
48,152,2.0,1
50,29,2.0,1
50,115,2.0,1
50,171,2.0,1
50,172,2.0,1
50,174,2.0,1
51,63,2.0,1
51,72,2.0,1
51,74,2.0,1
51,82,2.0,1
51,161,2.0,1
53,82,2.0,1
54,116,2.0,1
57,12,2.0,1
57,33,2.0,1
57,37,2.0,1
57,74,2.0,1
57,123,2.0,1
61,47,2.0,1
61,118,2.0,1
61,126,2.0,1
61,134,2.0,1
62,126,2.0,1
62,134,2.0,1
62,171,2.0,1
62,174,2.0,1
63,6,2.0,1
63,12,2.0,1
63,27,2.0,1
63,34,2.0,1
63,51,2.0,1
63,73,2.0,1
63,82,2.0,1
63,89,2.0,1
63,107,2.0,1
63,136,2.0,1
63,146,2.0,1
63,148,2.0,1
69,74,2.0,1
70,82,2.0,1
72,51,2.0,1
73,34,2.0,1
73,63,2.0,1
73,74,2.0,1
73,146,2.0,1
73,161,2.0,1
74,5,2.0,1
74,27,2.0,1
74,37,2.0,1
74,51,2.0,1
74,57,2.0,1
74,69,2.0,1
74,73,2.0,1
74,82,2.0,1
74,94,2.0,1
74,107,2.0,1
74,128,2.0,1
74,147,2.0,1
74,161,2.0,1
76,7,2.0,1
77,32,2.0,1
77,86,2.0,1
78,1,2.0,1
78,4,2.0,1
78,36,2.0,1
78,80,2.0,1
78,82,2.0,1
78,101,2.0,1
78,127,2.0,1
78,169,2.0,1
80,78,2.0,1
81,90,2.0,1
82,1,2.0,1
82,6,2.0,1
82,21,2.0,1
82,34,2.0,1
82,51,2.0,1
82,53,2.0,1
82,63,2.0,1
82,70,2.0,1
82,74,2.0,1
82,78,2.0,1
82,83,2.0,1
82,84,2.0,1
82,85,2.0,1
82,89,2.0,1
82,107,2.0,1
82,126,2.0,1
82,133,2.0,1
82,136,2.0,1
82,146,2.0,1
82,157,2.0,1
82,159,2.0,1
82,183,2.0,1
83,16,2.0,1
83,19,2.0,1
83,82,2.0,1
84,17,2.0,1
84,82,2.0,1
84,85,2.0,1
84,90,2.0,1
85,82,2.0,1
85,84,2.0,1
85,183,2.0,1
86,32,2.0,1
86,77,2.0,1
88,90,2.0,1
89,6,2.0,1
89,63,2.0,1
89,82,2.0,1
89,93,2.0,1
89,126,2.0,1
89,134,2.0,1
90,2,2.0,1
90,10,2.0,1
90,17,2.0,1
90,43,2.0,1
90,45,2.0,1
90,81,2.0,1
90,84,2.0,1
90,88,2.0,1
90,157,2.0,1
90,179,2.0,1
90,182,2.0,1
91,9,2.0,1
93,16,2.0,1
93,89,2.0,1
93,126,2.0,1
93,134,2.0,1
94,74,2.0,1
98,23,2.0,1
98,31,2.0,1
98,33,2.0,1
98,103,2.0,1
98,113,2.0,1
98,124,2.0,1
98,128,2.0,1
98,151,2.0,1
98,170,2.0,1
98,177,2.0,1
101,78,2.0,1
102,126,2.0,1
102,134,2.0,1
103,25,2.0,1
103,98,2.0,1
103,108,2.0,1
103,113,2.0,1
103,124,2.0,1
103,170,2.0,1
107,34,2.0,1
107,63,2.0,1
107,74,2.0,1
107,82,2.0,1
107,133,2.0,1
107,146,2.0,1
108,25,2.0,1
108,33,2.0,1
108,103,2.0,1
108,158,2.0,1
110,155,2.0,1
110,162,2.0,1
110,165,2.0,1
110,169,2.0,1
113,98,2.0,1
113,103,2.0,1
113,124,2.0,1
115,6,2.0,1
115,50,2.0,1
115,171,2.0,1
115,174,2.0,1
116,10,2.0,1
116,39,2.0,1
116,47,2.0,1
116,54,2.0,1
116,118,2.0,1
116,126,2.0,1
116,157,2.0,1
116,159,2.0,1
116,176,2.0,1
118,61,2.0,1
118,116,2.0,1
118,126,2.0,1
118,130,2.0,1
118,134,2.0,1
119,126,2.0,1
119,129,2.0,1
119,132,2.0,1
120,126,2.0,1
120,134,2.0,1
121,28,2.0,1
121,40,2.0,1
121,183,2.0,1
123,12,2.0,1
123,57,2.0,1
124,98,2.0,1
124,103,2.0,1
124,113,2.0,1
126,6,2.0,1
126,16,2.0,1
126,39,2.0,1
126,47,2.0,1
126,61,2.0,1
126,62,2.0,1
126,82,2.0,1
126,89,2.0,1
126,93,2.0,1
126,102,2.0,1
126,116,2.0,1
126,118,2.0,1
126,119,2.0,1
126,120,2.0,1
126,129,2.0,1
126,132,2.0,1
126,134,2.0,1
126,136,2.0,1
126,148,2.0,1
126,176,2.0,1
127,78,2.0,1
128,74,2.0,1
128,98,2.0,1
129,30,2.0,1
129,119,2.0,1
129,126,2.0,1
130,14,2.0,1
130,39,2.0,1
130,41,2.0,1
130,118,2.0,1
132,119,2.0,1
132,126,2.0,1
132,134,2.0,1
132,148,2.0,1
133,34,2.0,1
133,82,2.0,1
133,107,2.0,1
133,146,2.0,1
133,169,2.0,1
133,183,2.0,1
134,39,2.0,1
134,47,2.0,1
134,61,2.0,1
134,62,2.0,1
134,89,2.0,1
134,93,2.0,1
134,102,2.0,1
134,118,2.0,1
134,120,2.0,1
134,126,2.0,1
134,132,2.0,1
134,136,2.0,1
134,176,2.0,1
136,6,2.0,1
136,63,2.0,1
136,82,2.0,1
136,126,2.0,1
136,134,2.0,1
138,35,2.0,1
142,13,2.0,1
146,27,2.0,1
146,34,2.0,1
146,63,2.0,1
146,73,2.0,1
146,82,2.0,1
146,107,2.0,1
146,133,2.0,1
147,74,2.0,1
148,63,2.0,1
148,126,2.0,1
148,132,2.0,1
149,183,2.0,1
151,23,2.0,1
151,33,2.0,1
151,98,2.0,1
151,177,2.0,1
152,9,2.0,1
152,48,2.0,1
155,110,2.0,1
155,162,2.0,1
155,165,2.0,1
155,169,2.0,1
157,82,2.0,1
157,90,2.0,1
157,116,2.0,1
158,23,2.0,1
158,25,2.0,1
158,33,2.0,1
158,108,2.0,1
159,82,2.0,1
159,116,2.0,1
161,33,2.0,1
161,51,2.0,1
161,73,2.0,1
161,74,2.0,1
162,110,2.0,1
162,155,2.0,1
165,110,2.0,1
165,155,2.0,1
169,36,2.0,1
169,78,2.0,1
169,110,2.0,1
169,133,2.0,1
169,155,2.0,1
169,172,2.0,1
170,98,2.0,1
170,103,2.0,1
171,29,2.0,1
171,50,2.0,1
171,62,2.0,1
171,115,2.0,1
171,174,2.0,1
172,50,2.0,1
172,169,2.0,1
174,6,2.0,1
174,50,2.0,1
174,62,2.0,1
174,115,2.0,1
174,171,2.0,1
176,116,2.0,1
176,126,2.0,1
176,134,2.0,1
177,98,2.0,1
177,151,2.0,1
179,90,2.0,1
182,90,2.0,1
183,21,2.0,1
183,28,2.0,1
183,82,2.0,1
183,85,2.0,1
183,121,2.0,1
183,133,2.0,1
183,149,2.0,1
1,39,3.0,1
1,68,3.0,1
1,70,3.0,1
1,75,3.0,1
1,107,3.0,1
4,53,3.0,1
4,80,3.0,1
4,101,3.0,1
4,107,3.0,1
5,51,3.0,1
5,74,3.0,1
5,147,3.0,1
6,63,3.0,1
6,82,3.0,1
6,89,3.0,1
6,107,3.0,1
6,115,3.0,1
6,126,3.0,1
6,136,3.0,1
6,149,3.0,1
9,13,3.0,1
9,20,3.0,1
9,30,3.0,1
9,48,3.0,1
9,55,3.0,1
9,91,3.0,1
9,152,3.0,1
10,107,3.0,1
12,37,3.0,1
12,38,3.0,1
12,57,3.0,1
12,63,3.0,1
12,146,3.0,1
13,9,3.0,1
13,30,3.0,1
13,55,3.0,1
14,130,3.0,1
15,39,3.0,1
15,183,3.0,1
16,93,3.0,1
17,81,3.0,1
17,88,3.0,1
18,121,3.0,1
19,84,3.0,1
20,9,3.0,1
21,35,3.0,1
21,107,3.0,1
21,133,3.0,1
23,33,3.0,1
23,74,3.0,1
23,103,3.0,1
23,124,3.0,1
23,151,3.0,1
23,161,3.0,1
23,177,3.0,1
25,95,3.0,1
25,98,3.0,1
25,108,3.0,1
25,124,3.0,1
25,158,3.0,1
27,63,3.0,1
27,74,3.0,1
27,82,3.0,1
27,146,3.0,1
28,183,3.0,1
29,50,3.0,1
29,106,3.0,1
30,9,3.0,1
30,13,3.0,1
30,129,3.0,1
30,142,3.0,1
33,23,3.0,1
33,37,3.0,1
33,57,3.0,1
33,103,3.0,1
33,108,3.0,1
33,151,3.0,1
33,158,3.0,1
33,161,3.0,1
34,63,3.0,1
34,146,3.0,1
35,21,3.0,1
35,77,3.0,1
35,138,3.0,1
36,41,3.0,1
36,80,3.0,1
37,12,3.0,1
37,33,3.0,1
37,38,3.0,1
37,57,3.0,1
37,74,3.0,1
37,123,3.0,1
37,146,3.0,1
38,12,3.0,1
38,37,3.0,1
38,92,3.0,1
38,110,3.0,1
38,144,3.0,1
39,1,3.0,1
39,15,3.0,1
39,70,3.0,1
39,75,3.0,1
39,118,3.0,1
39,126,3.0,1
39,130,3.0,1
40,121,3.0,1
41,36,3.0,1
41,78,3.0,1
41,80,3.0,1
41,101,3.0,1
41,127,3.0,1
43,107,3.0,1
47,126,3.0,1
48,9,3.0,1
49,107,3.0,1
50,29,3.0,1
50,115,3.0,1
50,172,3.0,1
51,5,3.0,1
51,63,3.0,1
51,73,3.0,1
51,74,3.0,1
51,82,3.0,1
51,146,3.0,1
53,4,3.0,1
53,107,3.0,1
55,9,3.0,1
55,13,3.0,1
55,91,3.0,1
55,104,3.0,1
57,12,3.0,1
57,33,3.0,1
57,37,3.0,1
57,69,3.0,1
57,74,3.0,1
61,126,3.0,1
62,126,3.0,1
62,132,3.0,1
62,171,3.0,1
62,174,3.0,1
63,6,3.0,1
63,12,3.0,1
63,27,3.0,1
63,34,3.0,1
63,51,3.0,1
63,73,3.0,1
63,82,3.0,1
63,107,3.0,1
63,136,3.0,1
63,146,3.0,1
64,133,3.0,1
68,1,3.0,1
69,57,3.0,1
69,74,3.0,1
70,1,3.0,1
70,39,3.0,1
70,82,3.0,1
72,74,3.0,1
72,93,3.0,1
72,153,3.0,1
73,51,3.0,1
73,63,3.0,1
73,74,3.0,1
73,94,3.0,1
73,146,3.0,1
73,147,3.0,1
74,5,3.0,1
74,23,3.0,1
74,27,3.0,1
74,37,3.0,1
74,51,3.0,1
74,57,3.0,1
74,69,3.0,1
74,72,3.0,1
74,73,3.0,1
74,82,3.0,1
74,89,3.0,1
74,94,3.0,1
74,107,3.0,1
74,128,3.0,1
74,146,3.0,1
74,147,3.0,1
74,151,3.0,1
74,153,3.0,1
74,161,3.0,1
75,1,3.0,1
75,39,3.0,1
77,35,3.0,1
78,41,3.0,1
78,80,3.0,1
78,82,3.0,1
78,107,3.0,1
80,4,3.0,1
80,36,3.0,1
80,41,3.0,1
80,78,3.0,1
80,101,3.0,1
80,127,3.0,1
81,17,3.0,1
82,6,3.0,1
82,27,3.0,1
82,51,3.0,1
82,63,3.0,1
82,70,3.0,1
82,74,3.0,1
82,78,3.0,1
82,84,3.0,1
82,93,3.0,1
82,107,3.0,1
82,126,3.0,1
82,133,3.0,1
82,146,3.0,1
83,107,3.0,1
84,19,3.0,1
84,82,3.0,1
84,90,3.0,1
84,107,3.0,1
85,107,3.0,1
85,133,3.0,1
88,17,3.0,1
89,6,3.0,1
89,74,3.0,1
89,93,3.0,1
89,107,3.0,1
89,120,3.0,1
89,126,3.0,1
90,84,3.0,1
90,130,3.0,1
91,9,3.0,1
91,55,3.0,1
91,104,3.0,1
92,38,3.0,1
93,16,3.0,1
93,72,3.0,1
93,82,3.0,1
93,89,3.0,1
93,107,3.0,1
93,126,3.0,1
93,136,3.0,1
94,73,3.0,1
94,74,3.0,1
94,146,3.0,1
94,161,3.0,1
95,25,3.0,1
95,100,3.0,1
98,25,3.0,1
98,103,3.0,1
98,113,3.0,1
98,124,3.0,1
98,170,3.0,1
100,95,3.0,1
101,4,3.0,1
101,41,3.0,1
101,80,3.0,1
101,107,3.0,1
102,126,3.0,1
103,23,3.0,1
103,33,3.0,1
103,98,3.0,1
103,108,3.0,1
103,124,3.0,1
103,177,3.0,1
104,55,3.0,1
104,91,3.0,1
106,29,3.0,1
107,1,3.0,1
107,4,3.0,1
107,6,3.0,1
107,10,3.0,1
107,21,3.0,1
107,43,3.0,1
107,49,3.0,1
107,53,3.0,1
107,63,3.0,1
107,74,3.0,1
107,78,3.0,1
107,82,3.0,1
107,83,3.0,1
107,84,3.0,1
107,85,3.0,1
107,89,3.0,1
107,93,3.0,1
107,101,3.0,1
107,115,3.0,1
107,123,3.0,1
107,126,3.0,1
107,127,3.0,1
107,128,3.0,1
107,129,3.0,1
107,133,3.0,1
107,146,3.0,1
107,149,3.0,1
107,153,3.0,1
107,157,3.0,1
107,159,3.0,1
107,174,3.0,1
108,25,3.0,1
108,33,3.0,1
108,103,3.0,1
108,124,3.0,1
108,158,3.0,1
110,38,3.0,1
110,155,3.0,1
110,162,3.0,1
110,165,3.0,1
110,169,3.0,1
113,98,3.0,1
113,124,3.0,1
115,6,3.0,1
115,50,3.0,1
115,107,3.0,1
115,171,3.0,1
115,174,3.0,1
118,39,3.0,1
118,126,3.0,1
119,126,3.0,1
120,89,3.0,1
120,126,3.0,1
120,136,3.0,1
121,18,3.0,1
121,40,3.0,1
121,133,3.0,1
123,37,3.0,1
123,107,3.0,1
124,23,3.0,1
124,25,3.0,1
124,98,3.0,1
124,103,3.0,1
124,108,3.0,1
124,113,3.0,1
125,133,3.0,1
126,6,3.0,1
126,39,3.0,1
126,47,3.0,1
126,61,3.0,1
126,62,3.0,1
126,82,3.0,1
126,89,3.0,1
126,93,3.0,1
126,102,3.0,1
126,107,3.0,1
126,118,3.0,1
126,119,3.0,1
126,120,3.0,1
126,129,3.0,1
126,132,3.0,1
126,134,3.0,1
126,136,3.0,1
126,148,3.0,1
126,176,3.0,1
127,41,3.0,1
127,80,3.0,1
127,107,3.0,1
128,74,3.0,1
128,107,3.0,1
129,30,3.0,1
129,107,3.0,1
129,126,3.0,1
129,133,3.0,1
130,14,3.0,1
130,39,3.0,1
130,90,3.0,1
132,62,3.0,1
132,126,3.0,1
133,21,3.0,1
133,64,3.0,1
133,82,3.0,1
133,85,3.0,1
133,107,3.0,1
133,121,3.0,1
133,125,3.0,1
133,129,3.0,1
133,149,3.0,1
133,159,3.0,1
134,126,3.0,1
136,6,3.0,1
136,63,3.0,1
136,93,3.0,1
136,120,3.0,1
136,126,3.0,1
138,35,3.0,1
142,30,3.0,1
144,38,3.0,1
146,12,3.0,1
146,27,3.0,1
146,34,3.0,1
146,37,3.0,1
146,51,3.0,1
146,63,3.0,1
146,73,3.0,1
146,74,3.0,1
146,82,3.0,1
146,94,3.0,1
146,107,3.0,1
147,5,3.0,1
147,73,3.0,1
147,74,3.0,1
148,126,3.0,1
149,6,3.0,1
149,107,3.0,1
149,133,3.0,1
151,23,3.0,1
151,33,3.0,1
151,74,3.0,1
151,177,3.0,1
152,9,3.0,1
153,72,3.0,1
153,74,3.0,1
153,107,3.0,1
155,110,3.0,1
155,165,3.0,1
157,107,3.0,1
158,25,3.0,1
158,33,3.0,1
158,108,3.0,1
158,170,3.0,1
159,107,3.0,1
159,133,3.0,1
161,23,3.0,1
161,33,3.0,1
161,74,3.0,1
161,94,3.0,1
162,110,3.0,1
165,110,3.0,1
165,155,3.0,1
169,110,3.0,1
169,172,3.0,1
170,98,3.0,1
170,158,3.0,1
170,177,3.0,1
171,62,3.0,1
171,115,3.0,1
171,174,3.0,1
172,50,3.0,1
172,169,3.0,1
174,62,3.0,1
174,107,3.0,1
174,115,3.0,1
174,171,3.0,1
176,126,3.0,1
177,23,3.0,1
177,103,3.0,1
177,151,3.0,1
177,170,3.0,1
183,15,3.0,1
183,28,3.0,1
1,39,4.0,1
2,78,4.0,1
4,41,4.0,1
4,51,4.0,1
4,78,4.0,1
5,51,4.0,1
5,107,4.0,1
6,50,4.0,1
6,63,4.0,1
6,107,4.0,1
6,115,4.0,1
6,126,4.0,1
6,174,4.0,1
7,32,4.0,1
7,94,4.0,1
9,20,4.0,1
9,30,4.0,1
9,48,4.0,1
9,91,4.0,1
9,152,4.0,1
10,116,4.0,1
12,37,4.0,1
12,63,4.0,1
13,30,4.0,1
13,55,4.0,1
14,130,4.0,1
15,39,4.0,1
16,47,4.0,1
16,62,4.0,1
16,93,4.0,1
16,118,4.0,1
16,120,4.0,1
16,126,4.0,1
17,81,4.0,1
17,88,4.0,1
18,40,4.0,1
18,121,4.0,1
20,9,4.0,1
20,152,4.0,1
21,133,4.0,1
23,107,4.0,1
23,161,4.0,1
25,98,4.0,1
27,63,4.0,1
27,107,4.0,1
27,153,4.0,1
28,183,4.0,1
29,50,4.0,1
29,106,4.0,1
30,9,4.0,1
30,13,4.0,1
30,91,4.0,1
30,119,4.0,1
30,129,4.0,1
30,183,4.0,1
32,7,4.0,1
32,77,4.0,1
32,86,4.0,1
33,37,4.0,1
34,63,4.0,1
34,73,4.0,1
34,133,4.0,1
34,146,4.0,1
36,41,4.0,1
36,78,4.0,1
36,169,4.0,1
37,12,4.0,1
37,33,4.0,1
37,38,4.0,1
37,50,4.0,1
37,92,4.0,1
37,123,4.0,1
37,172,4.0,1
38,37,4.0,1
38,92,4.0,1
39,1,4.0,1
39,15,4.0,1
39,116,4.0,1
39,118,4.0,1
39,126,4.0,1
39,130,4.0,1
40,18,4.0,1
40,121,4.0,1
41,4,4.0,1
41,36,4.0,1
41,78,4.0,1
41,80,4.0,1
41,101,4.0,1
41,127,4.0,1
41,130,4.0,1
47,16,4.0,1
47,116,4.0,1
47,126,4.0,1
48,9,4.0,1
48,152,4.0,1
49,107,4.0,1
50,6,4.0,1
50,29,4.0,1
50,37,4.0,1
50,115,4.0,1
50,171,4.0,1
50,172,4.0,1
50,174,4.0,1
51,4,4.0,1
51,5,4.0,1
51,63,4.0,1
51,82,4.0,1
51,107,4.0,1
55,13,4.0,1
57,69,4.0,1
61,126,4.0,1
62,16,4.0,1
62,126,4.0,1
62,132,4.0,1
62,148,4.0,1
62,171,4.0,1
63,6,4.0,1
63,12,4.0,1
63,27,4.0,1
63,34,4.0,1
63,51,4.0,1
63,73,4.0,1
63,82,4.0,1
63,107,4.0,1
63,136,4.0,1
63,146,4.0,1
69,57,4.0,1
72,147,4.0,1
72,153,4.0,1
73,34,4.0,1
73,63,4.0,1
73,123,4.0,1
73,146,4.0,1
77,32,4.0,1
78,2,4.0,1
78,4,4.0,1
78,36,4.0,1
78,41,4.0,1
78,80,4.0,1
78,82,4.0,1
78,101,4.0,1
78,169,4.0,1
80,41,4.0,1
80,78,4.0,1
81,17,4.0,1
82,51,4.0,1
82,63,4.0,1
82,78,4.0,1
82,84,4.0,1
82,107,4.0,1
82,126,4.0,1
82,133,4.0,1
82,147,4.0,1
84,82,4.0,1
84,179,4.0,1
85,133,4.0,1
86,32,4.0,1
88,17,4.0,1
89,126,4.0,1
90,130,4.0,1
91,9,4.0,1
91,30,4.0,1
91,152,4.0,1
92,37,4.0,1
92,38,4.0,1
93,16,4.0,1
93,120,4.0,1
93,126,4.0,1
93,129,4.0,1
94,7,4.0,1
95,98,4.0,1
95,100,4.0,1
95,170,4.0,1
98,25,4.0,1
98,95,4.0,1
98,103,4.0,1
98,108,4.0,1
98,113,4.0,1
98,124,4.0,1
98,158,4.0,1
98,170,4.0,1
100,95,4.0,1
101,41,4.0,1
101,78,4.0,1
102,126,4.0,1
103,98,4.0,1
103,124,4.0,1
103,158,4.0,1
103,177,4.0,1
106,29,4.0,1
107,5,4.0,1
107,6,4.0,1
107,23,4.0,1
107,27,4.0,1
107,49,4.0,1
107,51,4.0,1
107,63,4.0,1
107,82,4.0,1
107,128,4.0,1
107,153,4.0,1
108,98,4.0,1
108,124,4.0,1
108,158,4.0,1
110,155,4.0,1
110,162,4.0,1
110,165,4.0,1
110,169,4.0,1
113,98,4.0,1
113,124,4.0,1
113,170,4.0,1
115,6,4.0,1
115,50,4.0,1
115,171,4.0,1
115,174,4.0,1
116,10,4.0,1
116,39,4.0,1
116,47,4.0,1
116,118,4.0,1
116,126,4.0,1
116,157,4.0,1
116,159,4.0,1
116,176,4.0,1
118,16,4.0,1
118,39,4.0,1
118,116,4.0,1
118,126,4.0,1
118,134,4.0,1
119,30,4.0,1
119,126,4.0,1
120,16,4.0,1
120,93,4.0,1
120,126,4.0,1
120,132,4.0,1
121,18,4.0,1
121,40,4.0,1
123,37,4.0,1
123,73,4.0,1
124,98,4.0,1
124,103,4.0,1
124,108,4.0,1
124,113,4.0,1
124,158,4.0,1
124,170,4.0,1
125,133,4.0,1
126,6,4.0,1
126,16,4.0,1
126,39,4.0,1
126,47,4.0,1
126,61,4.0,1
126,62,4.0,1
126,82,4.0,1
126,89,4.0,1
126,93,4.0,1
126,102,4.0,1
126,116,4.0,1
126,118,4.0,1
126,119,4.0,1
126,120,4.0,1
126,132,4.0,1
126,134,4.0,1
126,136,4.0,1
126,176,4.0,1
127,41,4.0,1
128,107,4.0,1
129,30,4.0,1
129,93,4.0,1
130,14,4.0,1
130,39,4.0,1
130,41,4.0,1
130,90,4.0,1
132,62,4.0,1
132,120,4.0,1
132,126,4.0,1
132,134,4.0,1
133,21,4.0,1
133,34,4.0,1
133,82,4.0,1
133,85,4.0,1
133,125,4.0,1
133,149,4.0,1
133,183,4.0,1
134,118,4.0,1
134,126,4.0,1
134,132,4.0,1
136,63,4.0,1
136,126,4.0,1
146,34,4.0,1
146,63,4.0,1
146,73,4.0,1
147,72,4.0,1
147,82,4.0,1
147,153,4.0,1
147,183,4.0,1
148,62,4.0,1
149,133,4.0,1
151,177,4.0,1
152,9,4.0,1
152,20,4.0,1
152,48,4.0,1
152,91,4.0,1
153,27,4.0,1
153,72,4.0,1
153,107,4.0,1
153,147,4.0,1
155,110,4.0,1
155,162,4.0,1
155,165,4.0,1
155,169,4.0,1
157,116,4.0,1
158,98,4.0,1
158,103,4.0,1
158,108,4.0,1
158,124,4.0,1
158,170,4.0,1
158,177,4.0,1
159,116,4.0,1
161,23,4.0,1
162,110,4.0,1
162,155,4.0,1
162,165,4.0,1
162,169,4.0,1
165,110,4.0,1
165,155,4.0,1
165,162,4.0,1
165,169,4.0,1
169,36,4.0,1
169,78,4.0,1
169,110,4.0,1
169,155,4.0,1
169,162,4.0,1
169,165,4.0,1
169,172,4.0,1
170,95,4.0,1
170,98,4.0,1
170,113,4.0,1
170,124,4.0,1
170,158,4.0,1
171,50,4.0,1
171,62,4.0,1
171,115,4.0,1
171,174,4.0,1
172,37,4.0,1
172,50,4.0,1
172,169,4.0,1
174,6,4.0,1
174,50,4.0,1
174,115,4.0,1
174,171,4.0,1
176,116,4.0,1
176,126,4.0,1
177,103,4.0,1
177,151,4.0,1
177,158,4.0,1
179,84,4.0,1
183,28,4.0,1
183,30,4.0,1
183,133,4.0,1
183,147,4.0,1
1,153,5.0,1
2,78,5.0,1
2,154,5.0,1
4,41,5.0,1
4,78,5.0,1
4,153,5.0,1
5,74,5.0,1
5,78,5.0,1
5,107,5.0,1
5,128,5.0,1
5,153,5.0,1
6,16,5.0,1
6,63,5.0,1
6,82,5.0,1
6,107,5.0,1
6,115,5.0,1
6,126,5.0,1
7,35,5.0,1
7,94,5.0,1
7,153,5.0,1
9,13,5.0,1
9,91,5.0,1
10,78,5.0,1
10,80,5.0,1
10,116,5.0,1
10,153,5.0,1
12,34,5.0,1
12,63,5.0,1
13,9,5.0,1
13,30,5.0,1
13,91,5.0,1
14,130,5.0,1
16,6,5.0,1
17,157,5.0,1
18,121,5.0,1
18,153,5.0,1
21,35,5.0,1
21,153,5.0,1
23,108,5.0,1
23,151,5.0,1
23,158,5.0,1
23,161,5.0,1
23,177,5.0,1
25,98,5.0,1
25,108,5.0,1
25,124,5.0,1
25,158,5.0,1
27,74,5.0,1
27,128,5.0,1
27,146,5.0,1
27,153,5.0,1
29,50,5.0,1
29,106,5.0,1
29,115,5.0,1
29,172,5.0,1
30,13,5.0,1
32,44,5.0,1
32,77,5.0,1
32,86,5.0,1
32,153,5.0,1
33,57,5.0,1
33,98,5.0,1
33,170,5.0,1
33,177,5.0,1
34,12,5.0,1
34,63,5.0,1
34,73,5.0,1
34,107,5.0,1
34,146,5.0,1
35,7,5.0,1
35,21,5.0,1
35,76,5.0,1
35,149,5.0,1
36,41,5.0,1
36,78,5.0,1
36,80,5.0,1
36,153,5.0,1
37,57,5.0,1
37,74,5.0,1
37,82,5.0,1
37,107,5.0,1
37,128,5.0,1
37,153,5.0,1
38,92,5.0,1
39,116,5.0,1
39,126,5.0,1
39,153,5.0,1
40,121,5.0,1
40,153,5.0,1
41,4,5.0,1
41,36,5.0,1
41,78,5.0,1
41,80,5.0,1
41,101,5.0,1
41,127,5.0,1
41,130,5.0,1
41,153,5.0,1
43,45,5.0,1
43,153,5.0,1
44,32,5.0,1
45,43,5.0,1
45,78,5.0,1
45,153,5.0,1
47,116,5.0,1
47,126,5.0,1
47,153,5.0,1
47,174,5.0,1
49,106,5.0,1
49,107,5.0,1
49,153,5.0,1
49,159,5.0,1
50,29,5.0,1
50,92,5.0,1
50,115,5.0,1
50,172,5.0,1
51,74,5.0,1
51,82,5.0,1
51,107,5.0,1
51,128,5.0,1
51,146,5.0,1
51,153,5.0,1
53,153,5.0,1
54,153,5.0,1
57,33,5.0,1
57,37,5.0,1
57,69,5.0,1
57,74,5.0,1
57,128,5.0,1
57,153,5.0,1
61,126,5.0,1
61,153,5.0,1
62,126,5.0,1
62,148,5.0,1
62,153,5.0,1
62,171,5.0,1
63,6,5.0,1
63,12,5.0,1
63,34,5.0,1
63,73,5.0,1
63,136,5.0,1
63,146,5.0,1
63,148,5.0,1
64,153,5.0,1
68,153,5.0,1
69,57,5.0,1
69,74,5.0,1
69,128,5.0,1
70,153,5.0,1
73,34,5.0,1
73,63,5.0,1
73,74,5.0,1
73,82,5.0,1
73,89,5.0,1
73,94,5.0,1
73,128,5.0,1
73,146,5.0,1
73,153,5.0,1
74,5,5.0,1
74,27,5.0,1
74,37,5.0,1
74,51,5.0,1
74,57,5.0,1
74,69,5.0,1
74,73,5.0,1
74,82,5.0,1
74,94,5.0,1
74,105,5.0,1
74,107,5.0,1
74,128,5.0,1
74,147,5.0,1
74,153,5.0,1
74,161,5.0,1
75,153,5.0,1
76,35,5.0,1
76,153,5.0,1
77,32,5.0,1
77,153,5.0,1
78,2,5.0,1
78,4,5.0,1
78,5,5.0,1
78,10,5.0,1
78,36,5.0,1
78,41,5.0,1
78,45,5.0,1
78,80,5.0,1
78,82,5.0,1
78,101,5.0,1
78,126,5.0,1
78,127,5.0,1
78,153,5.0,1
80,10,5.0,1
80,36,5.0,1
80,41,5.0,1
80,78,5.0,1
80,84,5.0,1
80,101,5.0,1
80,127,5.0,1
80,153,5.0,1
82,6,5.0,1
82,37,5.0,1
82,51,5.0,1
82,73,5.0,1
82,74,5.0,1
82,78,5.0,1
82,84,5.0,1
82,107,5.0,1
82,126,5.0,1
82,128,5.0,1
82,133,5.0,1
82,146,5.0,1
82,153,5.0,1
82,157,5.0,1
82,159,5.0,1
84,80,5.0,1
84,82,5.0,1
84,179,5.0,1
85,133,5.0,1
85,153,5.0,1
86,32,5.0,1
86,153,5.0,1
89,73,5.0,1
89,126,5.0,1
89,153,5.0,1
90,130,5.0,1
90,153,5.0,1
91,9,5.0,1
91,13,5.0,1
92,38,5.0,1
92,50,5.0,1
92,172,5.0,1
93,126,5.0,1
93,153,5.0,1
94,7,5.0,1
94,73,5.0,1
94,74,5.0,1
94,128,5.0,1
94,146,5.0,1
94,153,5.0,1
94,161,5.0,1
95,98,5.0,1
95,100,5.0,1
95,170,5.0,1
98,25,5.0,1
98,33,5.0,1
98,95,5.0,1
98,103,5.0,1
98,108,5.0,1
98,113,5.0,1
98,124,5.0,1
98,158,5.0,1
98,170,5.0,1
98,177,5.0,1
99,155,5.0,1
100,95,5.0,1
100,153,5.0,1
101,41,5.0,1
101,78,5.0,1
101,80,5.0,1
101,153,5.0,1
102,126,5.0,1
102,153,5.0,1
103,98,5.0,1
103,124,5.0,1
103,177,5.0,1
105,74,5.0,1
106,29,5.0,1
106,49,5.0,1
106,153,5.0,1
107,5,5.0,1
107,6,5.0,1
107,34,5.0,1
107,37,5.0,1
107,49,5.0,1
107,51,5.0,1
107,74,5.0,1
107,82,5.0,1
107,123,5.0,1
107,128,5.0,1
107,133,5.0,1
107,146,5.0,1
107,153,5.0,1
108,23,5.0,1
108,25,5.0,1
108,98,5.0,1
108,124,5.0,1
108,158,5.0,1
110,155,5.0,1
110,162,5.0,1
110,165,5.0,1
110,169,5.0,1
113,98,5.0,1
113,124,5.0,1
113,128,5.0,1
115,6,5.0,1
115,29,5.0,1
115,50,5.0,1
115,171,5.0,1
115,174,5.0,1
116,10,5.0,1
116,39,5.0,1
116,47,5.0,1
116,118,5.0,1
116,126,5.0,1
116,153,5.0,1
116,157,5.0,1
116,159,5.0,1
116,176,5.0,1
118,116,5.0,1
118,126,5.0,1
120,126,5.0,1
121,18,5.0,1
121,40,5.0,1
121,153,5.0,1
123,107,5.0,1
124,25,5.0,1
124,98,5.0,1
124,103,5.0,1
124,108,5.0,1
124,113,5.0,1
125,153,5.0,1
126,6,5.0,1
126,39,5.0,1
126,47,5.0,1
126,61,5.0,1
126,62,5.0,1
126,78,5.0,1
126,82,5.0,1
126,89,5.0,1
126,93,5.0,1
126,102,5.0,1
126,116,5.0,1
126,118,5.0,1
126,120,5.0,1
126,132,5.0,1
126,134,5.0,1
126,136,5.0,1
126,157,5.0,1
126,172,5.0,1
126,176,5.0,1
127,41,5.0,1
127,78,5.0,1
127,80,5.0,1
127,153,5.0,1
128,5,5.0,1
128,27,5.0,1
128,37,5.0,1
128,51,5.0,1
128,57,5.0,1
128,69,5.0,1
128,73,5.0,1
128,74,5.0,1
128,82,5.0,1
128,94,5.0,1
128,107,5.0,1
128,113,5.0,1
128,147,5.0,1
128,153,5.0,1
128,161,5.0,1
130,14,5.0,1
130,41,5.0,1
130,90,5.0,1
130,153,5.0,1
132,126,5.0,1
133,82,5.0,1
133,85,5.0,1
133,107,5.0,1
133,146,5.0,1
133,147,5.0,1
133,183,5.0,1
134,126,5.0,1
136,63,5.0,1
136,126,5.0,1
138,153,5.0,1
146,27,5.0,1
146,34,5.0,1
146,51,5.0,1
146,63,5.0,1
146,73,5.0,1
146,82,5.0,1
146,94,5.0,1
146,107,5.0,1
146,133,5.0,1
147,74,5.0,1
147,128,5.0,1
147,133,5.0,1
147,153,5.0,1
148,62,5.0,1
148,63,5.0,1
149,35,5.0,1
149,153,5.0,1
151,23,5.0,1
151,153,5.0,1
151,161,5.0,1
151,177,5.0,1
153,1,5.0,1
153,4,5.0,1
153,5,5.0,1
153,7,5.0,1
153,10,5.0,1
153,18,5.0,1
153,21,5.0,1
153,27,5.0,1
153,32,5.0,1
153,36,5.0,1
153,37,5.0,1
153,39,5.0,1
153,40,5.0,1
153,41,5.0,1
153,43,5.0,1
153,45,5.0,1
153,47,5.0,1
153,49,5.0,1
153,51,5.0,1
153,53,5.0,1
153,54,5.0,1
153,57,5.0,1
153,61,5.0,1
153,62,5.0,1
153,64,5.0,1
153,68,5.0,1
153,70,5.0,1
153,73,5.0,1
153,74,5.0,1
153,75,5.0,1
153,76,5.0,1
153,77,5.0,1
153,78,5.0,1
153,80,5.0,1
153,82,5.0,1
153,85,5.0,1
153,86,5.0,1
153,89,5.0,1
153,90,5.0,1
153,93,5.0,1
153,94,5.0,1
153,100,5.0,1
153,101,5.0,1
153,102,5.0,1
153,106,5.0,1
153,107,5.0,1
153,116,5.0,1
153,121,5.0,1
153,125,5.0,1
153,127,5.0,1
153,128,5.0,1
153,130,5.0,1
153,138,5.0,1
153,147,5.0,1
153,149,5.0,1
153,151,5.0,1
153,156,5.0,1
153,157,5.0,1
153,159,5.0,1
153,161,5.0,1
153,175,5.0,1
153,183,5.0,1
154,2,5.0,1
155,99,5.0,1
155,110,5.0,1
155,162,5.0,1
155,165,5.0,1
155,169,5.0,1
156,153,5.0,1
157,17,5.0,1
157,82,5.0,1
157,116,5.0,1
157,126,5.0,1
157,153,5.0,1
157,159,5.0,1
158,23,5.0,1
158,25,5.0,1
158,98,5.0,1
158,108,5.0,1
158,161,5.0,1
158,170,5.0,1
158,177,5.0,1
159,49,5.0,1
159,82,5.0,1
159,116,5.0,1
159,153,5.0,1
159,157,5.0,1
161,23,5.0,1
161,74,5.0,1
161,94,5.0,1
161,128,5.0,1
161,151,5.0,1
161,153,5.0,1
161,158,5.0,1
161,177,5.0,1
162,110,5.0,1
162,155,5.0,1
162,165,5.0,1
162,169,5.0,1
165,110,5.0,1
165,155,5.0,1
165,162,5.0,1
165,169,5.0,1
169,110,5.0,1
169,155,5.0,1
169,162,5.0,1
169,165,5.0,1
169,172,5.0,1
170,33,5.0,1
170,95,5.0,1
170,98,5.0,1
170,158,5.0,1
171,62,5.0,1
171,115,5.0,1
171,174,5.0,1
172,29,5.0,1
172,50,5.0,1
172,92,5.0,1
172,126,5.0,1
172,169,5.0,1
174,47,5.0,1
174,115,5.0,1
174,171,5.0,1
175,153,5.0,1
176,116,5.0,1
176,126,5.0,1
177,23,5.0,1
177,33,5.0,1
177,98,5.0,1
177,103,5.0,1
177,151,5.0,1
177,158,5.0,1
177,161,5.0,1
179,84,5.0,1
183,133,5.0,1
183,153,5.0,1
1,70,6.0,1
1,88,6.0,1
2,154,6.0,1
4,41,6.0,1
4,80,6.0,1
4,107,6.0,1
5,51,6.0,1
5,74,6.0,1
5,107,6.0,1
5,128,6.0,1
6,50,6.0,1
6,63,6.0,1
6,82,6.0,1
6,84,6.0,1
6,89,6.0,1
6,107,6.0,1
6,115,6.0,1
6,126,6.0,1
6,132,6.0,1
6,136,6.0,1
6,174,6.0,1
7,76,6.0,1
8,33,6.0,1
8,69,6.0,1
9,20,6.0,1
9,48,6.0,1
9,91,6.0,1
9,152,6.0,1
10,45,6.0,1
10,84,6.0,1
12,37,6.0,1
12,57,6.0,1
12,63,6.0,1
12,69,6.0,1
12,123,6.0,1
12,172,6.0,1
13,30,6.0,1
14,130,6.0,1
15,70,6.0,1
16,93,6.0,1
17,88,6.0,1
20,9,6.0,1
20,91,6.0,1
21,35,6.0,1
21,133,6.0,1
21,183,6.0,1
22,69,6.0,1
23,33,6.0,1
23,74,6.0,1
23,151,6.0,1
23,158,6.0,1
23,161,6.0,1
23,177,6.0,1
25,98,6.0,1
25,108,6.0,1
25,124,6.0,1
25,158,6.0,1
27,51,6.0,1
27,63,6.0,1
27,74,6.0,1
28,183,6.0,1
29,50,6.0,1
29,106,6.0,1
30,13,6.0,1
30,91,6.0,1
32,86,6.0,1
33,8,6.0,1
33,23,6.0,1
33,57,6.0,1
33,95,6.0,1
33,98,6.0,1
33,108,6.0,1
33,151,6.0,1
33,158,6.0,1
33,161,6.0,1
33,170,6.0,1
33,177,6.0,1
34,63,6.0,1
34,73,6.0,1
34,82,6.0,1
34,107,6.0,1
34,146,6.0,1
35,21,6.0,1
36,41,6.0,1
36,78,6.0,1
36,132,6.0,1
37,12,6.0,1
37,38,6.0,1
37,57,6.0,1
37,74,6.0,1
37,172,6.0,1
38,37,6.0,1
38,69,6.0,1
38,133,6.0,1
39,70,6.0,1
39,118,6.0,1
39,130,6.0,1
39,132,6.0,1
40,121,6.0,1
41,4,6.0,1
41,36,6.0,1
41,78,6.0,1
41,80,6.0,1
41,90,6.0,1
41,101,6.0,1
41,127,6.0,1
41,132,6.0,1
41,183,6.0,1
43,70,6.0,1
43,127,6.0,1
45,10,6.0,1
45,84,6.0,1
45,132,6.0,1
47,61,6.0,1
47,62,6.0,1
47,126,6.0,1
47,132,6.0,1
48,9,6.0,1
48,91,6.0,1
49,126,6.0,1
50,6,6.0,1
50,29,6.0,1
50,115,6.0,1
50,172,6.0,1
50,174,6.0,1
51,5,6.0,1
51,27,6.0,1
51,57,6.0,1
51,74,6.0,1
51,82,6.0,1
51,128,6.0,1
51,161,6.0,1
54,132,6.0,1
57,12,6.0,1
57,33,6.0,1
57,37,6.0,1
57,51,6.0,1
57,69,6.0,1
57,74,6.0,1
57,94,6.0,1
57,123,6.0,1
61,47,6.0,1
61,62,6.0,1
61,118,6.0,1
61,126,6.0,1
61,132,6.0,1
62,47,6.0,1
62,61,6.0,1
62,93,6.0,1
62,115,6.0,1
62,126,6.0,1
62,132,6.0,1
62,171,6.0,1
62,174,6.0,1
62,176,6.0,1
63,6,6.0,1
63,12,6.0,1
63,27,6.0,1
63,34,6.0,1
63,73,6.0,1
63,136,6.0,1
63,146,6.0,1
68,70,6.0,1
69,8,6.0,1
69,12,6.0,1
69,22,6.0,1
69,38,6.0,1
69,57,6.0,1
69,74,6.0,1
69,112,6.0,1
69,123,6.0,1
69,172,6.0,1
70,1,6.0,1
70,15,6.0,1
70,39,6.0,1
70,43,6.0,1
70,68,6.0,1
70,75,6.0,1
72,74,6.0,1
73,34,6.0,1
73,63,6.0,1
73,74,6.0,1
73,94,6.0,1
73,128,6.0,1
73,146,6.0,1
73,151,6.0,1
73,161,6.0,1
74,5,6.0,1
74,23,6.0,1
74,27,6.0,1
74,37,6.0,1
74,51,6.0,1
74,57,6.0,1
74,69,6.0,1
74,72,6.0,1
74,73,6.0,1
74,82,6.0,1
74,89,6.0,1
74,94,6.0,1
74,105,6.0,1
74,107,6.0,1
74,128,6.0,1
74,146,6.0,1
74,147,6.0,1
74,151,6.0,1
74,153,6.0,1
74,161,6.0,1
75,70,6.0,1
76,7,6.0,1
78,36,6.0,1
78,41,6.0,1
78,82,6.0,1
78,105,6.0,1
78,127,6.0,1
80,4,6.0,1
80,41,6.0,1
80,101,6.0,1
82,6,6.0,1
82,34,6.0,1
82,51,6.0,1
82,74,6.0,1
82,78,6.0,1
82,107,6.0,1
82,126,6.0,1
82,133,6.0,1
84,6,6.0,1
84,10,6.0,1
84,45,6.0,1
86,32,6.0,1
88,1,6.0,1
88,17,6.0,1
89,6,6.0,1
89,74,6.0,1
89,93,6.0,1
89,126,6.0,1
89,132,6.0,1
90,41,6.0,1
90,130,6.0,1
90,182,6.0,1
91,9,6.0,1
91,20,6.0,1
91,30,6.0,1
91,48,6.0,1
91,104,6.0,1
91,152,6.0,1
92,172,6.0,1
93,16,6.0,1
93,62,6.0,1
93,89,6.0,1
93,120,6.0,1
93,126,6.0,1
93,132,6.0,1
94,57,6.0,1
94,73,6.0,1
94,74,6.0,1
94,128,6.0,1
94,146,6.0,1
95,33,6.0,1
95,98,6.0,1
95,100,6.0,1
95,108,6.0,1
95,124,6.0,1
95,170,6.0,1
98,25,6.0,1
98,33,6.0,1
98,95,6.0,1
98,113,6.0,1
98,124,6.0,1
98,151,6.0,1
98,177,6.0,1
99,132,6.0,1
100,95,6.0,1
101,41,6.0,1
101,80,6.0,1
101,132,6.0,1
102,126,6.0,1
102,132,6.0,1
102,176,6.0,1
103,124,6.0,1
104,91,6.0,1
105,74,6.0,1
105,78,6.0,1
106,29,6.0,1
107,4,6.0,1
107,5,6.0,1
107,6,6.0,1
107,34,6.0,1
107,74,6.0,1
107,82,6.0,1
107,133,6.0,1
107,146,6.0,1
108,25,6.0,1
108,33,6.0,1
108,95,6.0,1
108,158,6.0,1
110,155,6.0,1
110,162,6.0,1
110,165,6.0,1
112,69,6.0,1
113,98,6.0,1
113,124,6.0,1
113,151,6.0,1
113,170,6.0,1
113,177,6.0,1
115,6,6.0,1
115,50,6.0,1
115,62,6.0,1
115,171,6.0,1
115,174,6.0,1
116,130,6.0,1
116,159,6.0,1
116,176,6.0,1
118,39,6.0,1
118,61,6.0,1
118,119,6.0,1
118,126,6.0,1
118,132,6.0,1
118,176,6.0,1
119,118,6.0,1
119,132,6.0,1
120,93,6.0,1
120,126,6.0,1
120,132,6.0,1
120,134,6.0,1
121,40,6.0,1
123,12,6.0,1
123,57,6.0,1
123,69,6.0,1
124,25,6.0,1
124,95,6.0,1
124,98,6.0,1
124,103,6.0,1
124,113,6.0,1
126,6,6.0,1
126,47,6.0,1
126,49,6.0,1
126,61,6.0,1
126,62,6.0,1
126,82,6.0,1
126,89,6.0,1
126,93,6.0,1
126,102,6.0,1
126,118,6.0,1
126,120,6.0,1
126,132,6.0,1
126,134,6.0,1
126,136,6.0,1
126,176,6.0,1
127,41,6.0,1
127,43,6.0,1
127,78,6.0,1
128,5,6.0,1
128,51,6.0,1
128,73,6.0,1
128,74,6.0,1
128,94,6.0,1
130,14,6.0,1
130,39,6.0,1
130,90,6.0,1
130,116,6.0,1
130,132,6.0,1
130,159,6.0,1
132,6,6.0,1
132,36,6.0,1
132,39,6.0,1
132,41,6.0,1
132,45,6.0,1
132,47,6.0,1
132,54,6.0,1
132,61,6.0,1
132,62,6.0,1
132,89,6.0,1
132,93,6.0,1
132,99,6.0,1
132,101,6.0,1
132,102,6.0,1
132,118,6.0,1
132,119,6.0,1
132,120,6.0,1
132,126,6.0,1
132,130,6.0,1
132,136,6.0,1
132,148,6.0,1
132,157,6.0,1
132,159,6.0,1
132,176,6.0,1
133,21,6.0,1
133,38,6.0,1
133,82,6.0,1
133,107,6.0,1
134,120,6.0,1
134,126,6.0,1
134,176,6.0,1
136,6,6.0,1
136,63,6.0,1
136,126,6.0,1
136,132,6.0,1
146,34,6.0,1
146,63,6.0,1
146,73,6.0,1
146,74,6.0,1
146,94,6.0,1
146,107,6.0,1
147,74,6.0,1
148,132,6.0,1
151,23,6.0,1
151,33,6.0,1
151,73,6.0,1
151,74,6.0,1
151,98,6.0,1
151,113,6.0,1
151,161,6.0,1
151,177,6.0,1
152,9,6.0,1
152,91,6.0,1
153,74,6.0,1
153,159,6.0,1
154,2,6.0,1
155,110,6.0,1
155,162,6.0,1
155,165,6.0,1
157,132,6.0,1
158,23,6.0,1
158,25,6.0,1
158,33,6.0,1
158,108,6.0,1
159,116,6.0,1
159,130,6.0,1
159,132,6.0,1
159,153,6.0,1
161,23,6.0,1
161,33,6.0,1
161,51,6.0,1
161,73,6.0,1
161,74,6.0,1
161,151,6.0,1
162,110,6.0,1
162,155,6.0,1
162,165,6.0,1
162,169,6.0,1
165,110,6.0,1
165,155,6.0,1
165,162,6.0,1
165,169,6.0,1
169,162,6.0,1
169,165,6.0,1
169,172,6.0,1
170,33,6.0,1
170,95,6.0,1
170,113,6.0,1
171,62,6.0,1
171,115,6.0,1
171,174,6.0,1
172,12,6.0,1
172,37,6.0,1
172,50,6.0,1
172,69,6.0,1
172,92,6.0,1
172,169,6.0,1
174,6,6.0,1
174,50,6.0,1
174,62,6.0,1
174,115,6.0,1
174,171,6.0,1
176,62,6.0,1
176,102,6.0,1
176,116,6.0,1
176,118,6.0,1
176,126,6.0,1
176,132,6.0,1
176,134,6.0,1
177,23,6.0,1
177,33,6.0,1
177,98,6.0,1
177,113,6.0,1
177,151,6.0,1
182,90,6.0,1
183,21,6.0,1
183,28,6.0,1
183,41,6.0,1
1,15,7.0,1
1,43,7.0,1
1,70,7.0,1
1,82,7.0,1
1,89,7.0,1
1,159,7.0,1
2,90,7.0,1
4,41,7.0,1
4,72,7.0,1
4,78,7.0,1
4,80,7.0,1
4,107,7.0,1
5,37,7.0,1
5,51,7.0,1
5,74,7.0,1
5,82,7.0,1
5,83,7.0,1
5,94,7.0,1
5,107,7.0,1
5,128,7.0,1
5,147,7.0,1
6,16,7.0,1
6,27,7.0,1
6,29,7.0,1
6,63,7.0,1
6,107,7.0,1
6,115,7.0,1
6,126,7.0,1
6,136,7.0,1
7,21,7.0,1
8,33,7.0,1
8,113,7.0,1
9,19,7.0,1
9,20,7.0,1
9,48,7.0,1
9,91,7.0,1
9,152,7.0,1
10,45,7.0,1
10,80,7.0,1
10,84,7.0,1
12,33,7.0,1
12,34,7.0,1
12,37,7.0,1
12,38,7.0,1
12,57,7.0,1
12,63,7.0,1
12,123,7.0,1
13,30,7.0,1
14,130,7.0,1
15,1,7.0,1
16,6,7.0,1
16,19,7.0,1
16,83,7.0,1
16,93,7.0,1
16,149,7.0,1
17,84,7.0,1
17,88,7.0,1
17,157,7.0,1
17,175,7.0,1
18,40,7.0,1
18,64,7.0,1
18,121,7.0,1
19,9,7.0,1
19,16,7.0,1
20,9,7.0,1
20,152,7.0,1
21,7,7.0,1
21,76,7.0,1
21,133,7.0,1
21,149,7.0,1
23,33,7.0,1
23,57,7.0,1
23,158,7.0,1
23,161,7.0,1
23,177,7.0,1
25,98,7.0,1
27,6,7.0,1
27,34,7.0,1
27,63,7.0,1
27,74,7.0,1
28,133,7.0,1
28,183,7.0,1
29,6,7.0,1
29,50,7.0,1
29,106,7.0,1
30,13,7.0,1
33,8,7.0,1
33,12,7.0,1
33,23,7.0,1
33,57,7.0,1
33,161,7.0,1
33,170,7.0,1
34,12,7.0,1
34,27,7.0,1
34,63,7.0,1
34,72,7.0,1
34,73,7.0,1
34,115,7.0,1
34,146,7.0,1
36,41,7.0,1
36,78,7.0,1
36,80,7.0,1
37,5,7.0,1
37,12,7.0,1
37,38,7.0,1
37,74,7.0,1
37,172,7.0,1
38,12,7.0,1
38,37,7.0,1
38,92,7.0,1
38,183,7.0,1
39,75,7.0,1
39,130,7.0,1
40,18,7.0,1
40,121,7.0,1
41,4,7.0,1
41,36,7.0,1
41,78,7.0,1
41,80,7.0,1
41,90,7.0,1
41,101,7.0,1
41,127,7.0,1
41,130,7.0,1
43,1,7.0,1
43,51,7.0,1
43,70,7.0,1
43,78,7.0,1
43,82,7.0,1
43,157,7.0,1
45,10,7.0,1
45,159,7.0,1
47,61,7.0,1
47,62,7.0,1
47,102,7.0,1
47,136,7.0,1
48,9,7.0,1
48,152,7.0,1
49,130,7.0,1
50,29,7.0,1
50,115,7.0,1
50,172,7.0,1
50,174,7.0,1
51,5,7.0,1
51,43,7.0,1
51,73,7.0,1
51,74,7.0,1
51,82,7.0,1
51,107,7.0,1
53,183,7.0,1
57,12,7.0,1
57,23,7.0,1
57,33,7.0,1
57,69,7.0,1
57,73,7.0,1
57,74,7.0,1
57,161,7.0,1
61,47,7.0,1
61,118,7.0,1
61,126,7.0,1
62,47,7.0,1
62,102,7.0,1
62,115,7.0,1
62,126,7.0,1
62,136,7.0,1
62,171,7.0,1
62,174,7.0,1
63,6,7.0,1
63,12,7.0,1
63,27,7.0,1
63,34,7.0,1
63,73,7.0,1
63,98,7.0,1
63,103,7.0,1
63,136,7.0,1
63,146,7.0,1
63,170,7.0,1
64,18,7.0,1
69,57,7.0,1
69,74,7.0,1
70,1,7.0,1
70,43,7.0,1
70,94,7.0,1
72,4,7.0,1
72,34,7.0,1
72,82,7.0,1
73,34,7.0,1
73,51,7.0,1
73,57,7.0,1
73,63,7.0,1
73,74,7.0,1
73,94,7.0,1
73,107,7.0,1
73,146,7.0,1
73,147,7.0,1
73,153,7.0,1
74,5,7.0,1
74,27,7.0,1
74,37,7.0,1
74,51,7.0,1
74,57,7.0,1
74,69,7.0,1
74,73,7.0,1
74,82,7.0,1
74,94,7.0,1
74,105,7.0,1
74,107,7.0,1
74,128,7.0,1
74,147,7.0,1
74,161,7.0,1
75,39,7.0,1
76,21,7.0,1
78,4,7.0,1
78,36,7.0,1
78,41,7.0,1
78,43,7.0,1
78,80,7.0,1
78,82,7.0,1
78,101,7.0,1
78,107,7.0,1
78,127,7.0,1
78,159,7.0,1
80,4,7.0,1
80,10,7.0,1
80,36,7.0,1
80,41,7.0,1
80,78,7.0,1
80,127,7.0,1
81,90,7.0,1
82,1,7.0,1
82,5,7.0,1
82,43,7.0,1
82,51,7.0,1
82,72,7.0,1
82,74,7.0,1
82,78,7.0,1
82,83,7.0,1
82,84,7.0,1
82,89,7.0,1
82,107,7.0,1
82,126,7.0,1
82,133,7.0,1
82,159,7.0,1
83,5,7.0,1
83,16,7.0,1
83,82,7.0,1
84,10,7.0,1
84,17,7.0,1
84,82,7.0,1
84,157,7.0,1
88,17,7.0,1
89,1,7.0,1
89,82,7.0,1
89,93,7.0,1
89,126,7.0,1
89,136,7.0,1
89,157,7.0,1
90,2,7.0,1
90,41,7.0,1
90,81,7.0,1
90,157,7.0,1
91,9,7.0,1
91,152,7.0,1
92,38,7.0,1
92,133,7.0,1
92,172,7.0,1
93,16,7.0,1
93,89,7.0,1
93,126,7.0,1
93,136,7.0,1
94,5,7.0,1
94,70,7.0,1
94,73,7.0,1
94,74,7.0,1
94,95,7.0,1
95,94,7.0,1
95,98,7.0,1
95,124,7.0,1
95,177,7.0,1
98,25,7.0,1
98,63,7.0,1
98,95,7.0,1
98,103,7.0,1
98,113,7.0,1
98,124,7.0,1
98,170,7.0,1
98,177,7.0,1
99,127,7.0,1
99,136,7.0,1
100,113,7.0,1
100,170,7.0,1
101,41,7.0,1
101,78,7.0,1
102,47,7.0,1
102,62,7.0,1
102,118,7.0,1
102,126,7.0,1
102,136,7.0,1
102,176,7.0,1
103,63,7.0,1
103,98,7.0,1
103,113,7.0,1
103,124,7.0,1
103,158,7.0,1
103,177,7.0,1
105,74,7.0,1
105,107,7.0,1
106,29,7.0,1
107,4,7.0,1
107,5,7.0,1
107,6,7.0,1
107,51,7.0,1
107,73,7.0,1
107,74,7.0,1
107,78,7.0,1
107,82,7.0,1
107,105,7.0,1
107,123,7.0,1
107,147,7.0,1
108,158,7.0,1
110,155,7.0,1
110,162,7.0,1
110,165,7.0,1
110,169,7.0,1
113,8,7.0,1
113,98,7.0,1
113,100,7.0,1
113,103,7.0,1
113,124,7.0,1
113,151,7.0,1
113,170,7.0,1
115,6,7.0,1
115,34,7.0,1
115,50,7.0,1
115,62,7.0,1
115,171,7.0,1
115,174,7.0,1
116,118,7.0,1
116,126,7.0,1
118,61,7.0,1
118,102,7.0,1
118,116,7.0,1
118,126,7.0,1
118,136,7.0,1
118,174,7.0,1
119,126,7.0,1
119,129,7.0,1
119,148,7.0,1
120,126,7.0,1
120,136,7.0,1
121,18,7.0,1
121,40,7.0,1
121,133,7.0,1
123,12,7.0,1
123,107,7.0,1
124,95,7.0,1
124,98,7.0,1
124,103,7.0,1
124,113,7.0,1
124,177,7.0,1
126,6,7.0,1
126,61,7.0,1
126,62,7.0,1
126,82,7.0,1
126,89,7.0,1
126,93,7.0,1
126,102,7.0,1
126,116,7.0,1
126,118,7.0,1
126,119,7.0,1
126,120,7.0,1
126,132,7.0,1
126,134,7.0,1
126,136,7.0,1
126,148,7.0,1
126,159,7.0,1
126,172,7.0,1
126,176,7.0,1
127,41,7.0,1
127,78,7.0,1
127,80,7.0,1
127,99,7.0,1
128,5,7.0,1
128,74,7.0,1
129,119,7.0,1
130,14,7.0,1
130,39,7.0,1
130,41,7.0,1
130,49,7.0,1
132,126,7.0,1
133,21,7.0,1
133,28,7.0,1
133,82,7.0,1
133,92,7.0,1
133,121,7.0,1
134,126,7.0,1
136,6,7.0,1
136,47,7.0,1
136,62,7.0,1
136,63,7.0,1
136,89,7.0,1
136,93,7.0,1
136,99,7.0,1
136,102,7.0,1
136,118,7.0,1
136,120,7.0,1
136,126,7.0,1
136,172,7.0,1
136,176,7.0,1
146,34,7.0,1
146,63,7.0,1
146,73,7.0,1
147,5,7.0,1
147,73,7.0,1
147,74,7.0,1
147,107,7.0,1
148,119,7.0,1
148,126,7.0,1
149,16,7.0,1
149,21,7.0,1
151,113,7.0,1
151,153,7.0,1
151,158,7.0,1
151,161,7.0,1
151,177,7.0,1
152,9,7.0,1
152,20,7.0,1
152,48,7.0,1
152,91,7.0,1
153,73,7.0,1
153,151,7.0,1
155,110,7.0,1
155,162,7.0,1
155,165,7.0,1
155,169,7.0,1
155,172,7.0,1
157,17,7.0,1
157,43,7.0,1
157,84,7.0,1
157,89,7.0,1
157,90,7.0,1
157,159,7.0,1
158,23,7.0,1
158,103,7.0,1
158,108,7.0,1
158,151,7.0,1
158,170,7.0,1
158,177,7.0,1
159,1,7.0,1
159,45,7.0,1
159,78,7.0,1
159,82,7.0,1
159,126,7.0,1
159,157,7.0,1
161,23,7.0,1
161,33,7.0,1
161,57,7.0,1
161,74,7.0,1
161,151,7.0,1
162,110,7.0,1
162,155,7.0,1
162,165,7.0,1
162,169,7.0,1
165,110,7.0,1
165,155,7.0,1
165,162,7.0,1
165,169,7.0,1
169,110,7.0,1
169,155,7.0,1
169,162,7.0,1
169,165,7.0,1
169,172,7.0,1
170,33,7.0,1
170,63,7.0,1
170,98,7.0,1
170,100,7.0,1
170,113,7.0,1
170,158,7.0,1
171,62,7.0,1
171,115,7.0,1
171,174,7.0,1
172,37,7.0,1
172,50,7.0,1
172,92,7.0,1
172,126,7.0,1
172,136,7.0,1
172,155,7.0,1
172,169,7.0,1
174,50,7.0,1
174,62,7.0,1
174,115,7.0,1
174,118,7.0,1
174,171,7.0,1
175,17,7.0,1
176,102,7.0,1
176,126,7.0,1
176,136,7.0,1
177,23,7.0,1
177,95,7.0,1
177,98,7.0,1
177,103,7.0,1
177,124,7.0,1
177,151,7.0,1
177,158,7.0,1
183,28,7.0,1
183,38,7.0,1
183,53,7.0,1
1,39,8.0,1
1,68,8.0,1
1,78,8.0,1
1,126,8.0,1
1,159,8.0,1
2,17,8.0,1
2,90,8.0,1
2,154,8.0,1
4,41,8.0,1
4,78,8.0,1
4,80,8.0,1
4,101,8.0,1
5,74,8.0,1
5,78,8.0,1
5,82,8.0,1
5,107,8.0,1
5,128,8.0,1
5,147,8.0,1
6,50,8.0,1
6,63,8.0,1
6,84,8.0,1
6,93,8.0,1
6,115,8.0,1
6,126,8.0,1
7,21,8.0,1
7,149,8.0,1
9,13,8.0,1
9,20,8.0,1
9,48,8.0,1
9,55,8.0,1
9,91,8.0,1
9,152,8.0,1
10,17,8.0,1
10,90,8.0,1
12,34,8.0,1
12,37,8.0,1
12,57,8.0,1
12,63,8.0,1
12,82,8.0,1
12,107,8.0,1
12,147,8.0,1
13,9,8.0,1
13,30,8.0,1
13,55,8.0,1
13,104,8.0,1
14,130,8.0,1
15,68,8.0,1
16,82,8.0,1
17,2,8.0,1
17,10,8.0,1
17,81,8.0,1
17,84,8.0,1
17,88,8.0,1
17,90,8.0,1
17,157,8.0,1
17,179,8.0,1
17,182,8.0,1
20,9,8.0,1
20,152,8.0,1
21,7,8.0,1
21,133,8.0,1
23,158,8.0,1
23,161,8.0,1
23,177,8.0,1
25,95,8.0,1
25,98,8.0,1
25,108,8.0,1
25,113,8.0,1
25,158,8.0,1
27,63,8.0,1
27,74,8.0,1
27,105,8.0,1
28,183,8.0,1
29,50,8.0,1
29,106,8.0,1
29,110,8.0,1
29,165,8.0,1
29,169,8.0,1
29,172,8.0,1
30,13,8.0,1
33,108,8.0,1
33,151,8.0,1
34,12,8.0,1
34,63,8.0,1
34,73,8.0,1
34,133,8.0,1
34,146,8.0,1
35,76,8.0,1
35,77,8.0,1
36,41,8.0,1
36,49,8.0,1
36,78,8.0,1
36,80,8.0,1
36,169,8.0,1
37,12,8.0,1
37,57,8.0,1
37,74,8.0,1
37,172,8.0,1
38,92,8.0,1
38,110,8.0,1
38,172,8.0,1
39,1,8.0,1
39,68,8.0,1
39,75,8.0,1
39,118,8.0,1
39,130,8.0,1
40,121,8.0,1
41,4,8.0,1
41,36,8.0,1
41,78,8.0,1
41,80,8.0,1
41,90,8.0,1
41,101,8.0,1
41,127,8.0,1
41,130,8.0,1
43,90,8.0,1
43,107,8.0,1
45,90,8.0,1
47,115,8.0,1
47,126,8.0,1
48,9,8.0,1
49,36,8.0,1
49,78,8.0,1
49,93,8.0,1
49,130,8.0,1
49,153,8.0,1
49,159,8.0,1
49,183,8.0,1
50,6,8.0,1
50,29,8.0,1
50,110,8.0,1
50,115,8.0,1
50,172,8.0,1
51,73,8.0,1
51,74,8.0,1
51,82,8.0,1
51,107,8.0,1
51,147,8.0,1
55,9,8.0,1
55,13,8.0,1
55,91,8.0,1
55,104,8.0,1
57,12,8.0,1
57,37,8.0,1
57,69,8.0,1
57,73,8.0,1
57,74,8.0,1
61,126,8.0,1
62,115,8.0,1
62,126,8.0,1
62,174,8.0,1
63,6,8.0,1
63,12,8.0,1
63,27,8.0,1
63,34,8.0,1
63,73,8.0,1
63,146,8.0,1
68,1,8.0,1
68,15,8.0,1
68,39,8.0,1
69,57,8.0,1
69,74,8.0,1
72,123,8.0,1
73,34,8.0,1
73,51,8.0,1
73,57,8.0,1
73,63,8.0,1
73,74,8.0,1
73,94,8.0,1
73,146,8.0,1
73,158,8.0,1
74,5,8.0,1
74,27,8.0,1
74,37,8.0,1
74,51,8.0,1
74,57,8.0,1
74,69,8.0,1
74,73,8.0,1
74,78,8.0,1
74,82,8.0,1
74,94,8.0,1
74,105,8.0,1
74,107,8.0,1
74,128,8.0,1
74,147,8.0,1
74,161,8.0,1
75,39,8.0,1
76,35,8.0,1
76,133,8.0,1
77,35,8.0,1
78,1,8.0,1
78,4,8.0,1
78,5,8.0,1
78,36,8.0,1
78,41,8.0,1
78,49,8.0,1
78,74,8.0,1
78,80,8.0,1
78,82,8.0,1
78,126,8.0,1
78,157,8.0,1
78,159,8.0,1
78,169,8.0,1
80,4,8.0,1
80,36,8.0,1
80,41,8.0,1
80,78,8.0,1
80,101,8.0,1
80,127,8.0,1
80,157,8.0,1
80,179,8.0,1
81,17,8.0,1
81,90,8.0,1
82,5,8.0,1
82,12,8.0,1
82,16,8.0,1
82,51,8.0,1
82,74,8.0,1
82,78,8.0,1
82,105,8.0,1
82,107,8.0,1
82,119,8.0,1
82,126,8.0,1
82,133,8.0,1
82,148,8.0,1
82,153,8.0,1
82,159,8.0,1
82,183,8.0,1
83,159,8.0,1
84,6,8.0,1
84,17,8.0,1
84,90,8.0,1
88,17,8.0,1
88,90,8.0,1
89,126,8.0,1
89,136,8.0,1
90,2,8.0,1
90,10,8.0,1
90,17,8.0,1
90,41,8.0,1
90,43,8.0,1
90,45,8.0,1
90,81,8.0,1
90,84,8.0,1
90,88,8.0,1
90,126,8.0,1
90,153,8.0,1
90,157,8.0,1
90,179,8.0,1
90,182,8.0,1
91,9,8.0,1
91,55,8.0,1
92,38,8.0,1
93,6,8.0,1
93,49,8.0,1
93,126,8.0,1
94,73,8.0,1
94,74,8.0,1
94,147,8.0,1
94,161,8.0,1
95,25,8.0,1
95,98,8.0,1
95,100,8.0,1
95,170,8.0,1
97,116,8.0,1
98,25,8.0,1
98,95,8.0,1
98,100,8.0,1
98,103,8.0,1
98,108,8.0,1
98,113,8.0,1
98,124,8.0,1
98,158,8.0,1
98,177,8.0,1
100,95,8.0,1
100,98,8.0,1
100,113,8.0,1
101,4,8.0,1
101,41,8.0,1
101,80,8.0,1
102,126,8.0,1
103,98,8.0,1
103,108,8.0,1
103,113,8.0,1
103,124,8.0,1
103,158,8.0,1
103,170,8.0,1
103,177,8.0,1
104,13,8.0,1
104,55,8.0,1
105,27,8.0,1
105,74,8.0,1
105,82,8.0,1
105,107,8.0,1
105,128,8.0,1
105,161,8.0,1
106,29,8.0,1
107,5,8.0,1
107,12,8.0,1
107,43,8.0,1
107,51,8.0,1
107,74,8.0,1
107,82,8.0,1
107,105,8.0,1
107,153,8.0,1
108,25,8.0,1
108,33,8.0,1
108,98,8.0,1
108,103,8.0,1
108,158,8.0,1
110,29,8.0,1
110,38,8.0,1
110,50,8.0,1
110,155,8.0,1
110,162,8.0,1
110,165,8.0,1
110,169,8.0,1
110,172,8.0,1
113,25,8.0,1
113,98,8.0,1
113,100,8.0,1
113,103,8.0,1
113,124,8.0,1
113,128,8.0,1
115,6,8.0,1
115,47,8.0,1
115,50,8.0,1
115,62,8.0,1
115,126,8.0,1
115,171,8.0,1
115,174,8.0,1
116,97,8.0,1
116,130,8.0,1
118,39,8.0,1
118,126,8.0,1
119,82,8.0,1
120,126,8.0,1
120,136,8.0,1
121,40,8.0,1
123,72,8.0,1
124,98,8.0,1
124,103,8.0,1
124,113,8.0,1
126,1,8.0,1
126,6,8.0,1
126,47,8.0,1
126,61,8.0,1
126,62,8.0,1
126,78,8.0,1
126,82,8.0,1
126,89,8.0,1
126,90,8.0,1
126,93,8.0,1
126,102,8.0,1
126,115,8.0,1
126,118,8.0,1
126,120,8.0,1
126,132,8.0,1
126,134,8.0,1
126,136,8.0,1
126,157,8.0,1
126,159,8.0,1
126,172,8.0,1
126,176,8.0,1
127,41,8.0,1
127,80,8.0,1
128,5,8.0,1
128,74,8.0,1
128,105,8.0,1
128,113,8.0,1
130,14,8.0,1
130,39,8.0,1
130,41,8.0,1
130,49,8.0,1
130,116,8.0,1
132,126,8.0,1
133,21,8.0,1
133,34,8.0,1
133,76,8.0,1
133,82,8.0,1
133,183,8.0,1
134,126,8.0,1
136,89,8.0,1
136,120,8.0,1
136,126,8.0,1
146,34,8.0,1
146,63,8.0,1
146,73,8.0,1
147,5,8.0,1
147,12,8.0,1
147,51,8.0,1
147,74,8.0,1
147,94,8.0,1
147,153,8.0,1
147,172,8.0,1
148,82,8.0,1
149,7,8.0,1
151,33,8.0,1
151,153,8.0,1
151,161,8.0,1
151,177,8.0,1
152,9,8.0,1
152,20,8.0,1
153,49,8.0,1
153,82,8.0,1
153,90,8.0,1
153,107,8.0,1
153,147,8.0,1
153,151,8.0,1
153,183,8.0,1
154,2,8.0,1
155,110,8.0,1
155,162,8.0,1
155,165,8.0,1
155,169,8.0,1
155,172,8.0,1
157,17,8.0,1
157,78,8.0,1
157,80,8.0,1
157,90,8.0,1
157,126,8.0,1
157,159,8.0,1
158,23,8.0,1
158,25,8.0,1
158,73,8.0,1
158,98,8.0,1
158,103,8.0,1
158,108,8.0,1
159,1,8.0,1
159,49,8.0,1
159,78,8.0,1
159,82,8.0,1
159,83,8.0,1
159,126,8.0,1
159,157,8.0,1
159,172,8.0,1
161,23,8.0,1
161,74,8.0,1
161,94,8.0,1
161,105,8.0,1
161,151,8.0,1
162,110,8.0,1
162,155,8.0,1
162,165,8.0,1
162,169,8.0,1
165,29,8.0,1
165,110,8.0,1
165,155,8.0,1
165,162,8.0,1
165,169,8.0,1
169,29,8.0,1
169,36,8.0,1
169,78,8.0,1
169,110,8.0,1
169,155,8.0,1
169,162,8.0,1
169,165,8.0,1
169,172,8.0,1
170,95,8.0,1
170,103,8.0,1
171,115,8.0,1
171,174,8.0,1
172,29,8.0,1
172,37,8.0,1
172,38,8.0,1
172,50,8.0,1
172,110,8.0,1
172,126,8.0,1
172,147,8.0,1
172,155,8.0,1
172,159,8.0,1
172,169,8.0,1
174,62,8.0,1
174,115,8.0,1
174,171,8.0,1
176,126,8.0,1
177,23,8.0,1
177,98,8.0,1
177,103,8.0,1
177,151,8.0,1
179,17,8.0,1
179,80,8.0,1
179,90,8.0,1
182,17,8.0,1
182,90,8.0,1
183,28,8.0,1
183,49,8.0,1
183,82,8.0,1
183,133,8.0,1
183,153,8.0,1
1,70,9.0,1
1,89,9.0,1
4,41,9.0,1
4,45,9.0,1
4,80,9.0,1
4,107,9.0,1
5,74,9.0,1
5,105,9.0,1
5,128,9.0,1
5,147,9.0,1
6,63,9.0,1
6,82,9.0,1
6,84,9.0,1
6,107,9.0,1
6,115,9.0,1
6,126,9.0,1
6,136,9.0,1
6,149,9.0,1
7,21,9.0,1
7,149,9.0,1
8,33,9.0,1
9,30,9.0,1
9,91,9.0,1
9,152,9.0,1
10,84,9.0,1
10,101,9.0,1
12,123,9.0,1
13,30,9.0,1
14,130,9.0,1
15,39,9.0,1
16,82,9.0,1
16,84,9.0,1
17,81,9.0,1
17,90,9.0,1
17,182,9.0,1
21,7,9.0,1
21,76,9.0,1
21,107,9.0,1
21,133,9.0,1
21,149,9.0,1
23,105,9.0,1
23,151,9.0,1
23,158,9.0,1
23,161,9.0,1
23,177,9.0,1
25,95,9.0,1
25,108,9.0,1
25,158,9.0,1
29,50,9.0,1
29,106,9.0,1
29,110,9.0,1
29,172,9.0,1
29,174,9.0,1
30,9,9.0,1
30,13,9.0,1
32,35,9.0,1
32,44,9.0,1
32,121,9.0,1
33,8,9.0,1
33,108,9.0,1
33,151,9.0,1
33,177,9.0,1
34,63,9.0,1
34,82,9.0,1
34,107,9.0,1
34,146,9.0,1
35,32,9.0,1
35,38,9.0,1
35,133,9.0,1
36,41,9.0,1
36,49,9.0,1
36,78,9.0,1
36,80,9.0,1
36,169,9.0,1
37,57,9.0,1
37,74,9.0,1
37,82,9.0,1
37,105,9.0,1
38,35,9.0,1
38,110,9.0,1
38,133,9.0,1
38,169,9.0,1
39,15,9.0,1
39,70,9.0,1
39,118,9.0,1
39,130,9.0,1
40,121,9.0,1
41,4,9.0,1
41,36,9.0,1
41,78,9.0,1
41,80,9.0,1
41,90,9.0,1
41,101,9.0,1
41,127,9.0,1
41,130,9.0,1
44,32,9.0,1
45,4,9.0,1
47,62,9.0,1
47,90,9.0,1
47,126,9.0,1
49,36,9.0,1
49,84,9.0,1
49,93,9.0,1
49,107,9.0,1
49,159,9.0,1
50,29,9.0,1
50,110,9.0,1
50,115,9.0,1
50,172,9.0,1
50,174,9.0,1
51,74,9.0,1
51,94,9.0,1
51,105,9.0,1
51,107,9.0,1
51,181,9.0,1
53,107,9.0,1
54,97,9.0,1
57,37,9.0,1
57,69,9.0,1
57,73,9.0,1
57,74,9.0,1
57,94,9.0,1
57,105,9.0,1
61,90,9.0,1
61,126,9.0,1
62,47,9.0,1
62,90,9.0,1
62,126,9.0,1
62,171,9.0,1
62,174,9.0,1
63,6,9.0,1
63,34,9.0,1
63,73,9.0,1
63,136,9.0,1
63,146,9.0,1
63,148,9.0,1
63,181,9.0,1
69,57,9.0,1
69,74,9.0,1
69,105,9.0,1
70,1,9.0,1
70,39,9.0,1
70,107,9.0,1
72,80,9.0,1
72,161,9.0,1
73,57,9.0,1
73,63,9.0,1
73,74,9.0,1
73,82,9.0,1
73,94,9.0,1
73,105,9.0,1
73,146,9.0,1
73,181,9.0,1
74,5,9.0,1
74,37,9.0,1
74,51,9.0,1
74,57,9.0,1
74,69,9.0,1
74,73,9.0,1
74,82,9.0,1
74,94,9.0,1
74,105,9.0,1
74,107,9.0,1
74,128,9.0,1
74,147,9.0,1
74,161,9.0,1
74,181,9.0,1
76,21,9.0,1
78,36,9.0,1
78,41,9.0,1
78,80,9.0,1
78,84,9.0,1
78,107,9.0,1
78,127,9.0,1
78,169,9.0,1
80,4,9.0,1
80,36,9.0,1
80,41,9.0,1
80,72,9.0,1
80,78,9.0,1
80,84,9.0,1
80,101,9.0,1
80,127,9.0,1
80,179,9.0,1
81,17,9.0,1
82,6,9.0,1
82,16,9.0,1
82,34,9.0,1
82,37,9.0,1
82,73,9.0,1
82,74,9.0,1
82,84,9.0,1
82,105,9.0,1
82,107,9.0,1
82,123,9.0,1
82,126,9.0,1
82,133,9.0,1
82,147,9.0,1
83,107,9.0,1
84,6,9.0,1
84,10,9.0,1
84,16,9.0,1
84,49,9.0,1
84,78,9.0,1
84,80,9.0,1
84,82,9.0,1
84,93,9.0,1
84,127,9.0,1
84,149,9.0,1
84,157,9.0,1
84,179,9.0,1
85,107,9.0,1
89,1,9.0,1
89,90,9.0,1
89,107,9.0,1
90,17,9.0,1
90,41,9.0,1
90,47,9.0,1
90,61,9.0,1
90,62,9.0,1
90,89,9.0,1
90,93,9.0,1
90,102,9.0,1
90,118,9.0,1
90,120,9.0,1
90,126,9.0,1
90,130,9.0,1
90,136,9.0,1
90,176,9.0,1
90,182,9.0,1
91,9,9.0,1
93,49,9.0,1
93,84,9.0,1
93,90,9.0,1
93,126,9.0,1
94,51,9.0,1
94,57,9.0,1
94,73,9.0,1
94,74,9.0,1
94,105,9.0,1
95,25,9.0,1
95,98,9.0,1
95,100,9.0,1
95,124,9.0,1
95,151,9.0,1
95,170,9.0,1
97,54,9.0,1
98,95,9.0,1
98,103,9.0,1
98,108,9.0,1
98,113,9.0,1
98,124,9.0,1
98,158,9.0,1
100,95,9.0,1
101,10,9.0,1
101,41,9.0,1
101,80,9.0,1
102,90,9.0,1
102,126,9.0,1
102,176,9.0,1
103,98,9.0,1
103,124,9.0,1
103,177,9.0,1
105,5,9.0,1
105,23,9.0,1
105,37,9.0,1
105,51,9.0,1
105,57,9.0,1
105,69,9.0,1
105,73,9.0,1
105,74,9.0,1
105,82,9.0,1
105,94,9.0,1
105,107,9.0,1
105,128,9.0,1
105,147,9.0,1
105,151,9.0,1
105,153,9.0,1
105,161,9.0,1
105,181,9.0,1
106,29,9.0,1
106,172,9.0,1
107,4,9.0,1
107,6,9.0,1
107,21,9.0,1
107,34,9.0,1
107,49,9.0,1
107,51,9.0,1
107,53,9.0,1
107,70,9.0,1
107,74,9.0,1
107,78,9.0,1
107,82,9.0,1
107,83,9.0,1
107,85,9.0,1
107,89,9.0,1
107,105,9.0,1
107,123,9.0,1
107,126,9.0,1
107,129,9.0,1
107,133,9.0,1
107,157,9.0,1
107,159,9.0,1
107,172,9.0,1
107,181,9.0,1
108,25,9.0,1
108,33,9.0,1
108,98,9.0,1
108,158,9.0,1
110,29,9.0,1
110,38,9.0,1
110,50,9.0,1
110,155,9.0,1
110,162,9.0,1
110,165,9.0,1
110,169,9.0,1
110,172,9.0,1
113,98,9.0,1
113,124,9.0,1
115,6,9.0,1
115,50,9.0,1
115,134,9.0,1
115,171,9.0,1
115,174,9.0,1
116,176,9.0,1
118,39,9.0,1
118,90,9.0,1
118,126,9.0,1
118,134,9.0,1
120,90,9.0,1
120,126,9.0,1
121,32,9.0,1
121,40,9.0,1
123,12,9.0,1
123,82,9.0,1
123,107,9.0,1
124,95,9.0,1
124,98,9.0,1
124,103,9.0,1
124,113,9.0,1
126,6,9.0,1
126,47,9.0,1
126,61,9.0,1
126,62,9.0,1
126,82,9.0,1
126,90,9.0,1
126,93,9.0,1
126,102,9.0,1
126,107,9.0,1
126,118,9.0,1
126,120,9.0,1
126,134,9.0,1
126,136,9.0,1
126,176,9.0,1
127,41,9.0,1
127,78,9.0,1
127,80,9.0,1
127,84,9.0,1
128,5,9.0,1
128,74,9.0,1
128,105,9.0,1
129,107,9.0,1
130,14,9.0,1
130,39,9.0,1
130,41,9.0,1
130,90,9.0,1
133,21,9.0,1
133,35,9.0,1
133,38,9.0,1
133,82,9.0,1
133,107,9.0,1
134,115,9.0,1
134,118,9.0,1
134,126,9.0,1
136,6,9.0,1
136,63,9.0,1
136,90,9.0,1
136,126,9.0,1
136,172,9.0,1
146,34,9.0,1
146,63,9.0,1
146,73,9.0,1
147,5,9.0,1
147,74,9.0,1
147,82,9.0,1
147,105,9.0,1
148,63,9.0,1
149,6,9.0,1
149,7,9.0,1
149,21,9.0,1
149,84,9.0,1
151,23,9.0,1
151,33,9.0,1
151,95,9.0,1
151,105,9.0,1
151,161,9.0,1
151,177,9.0,1
152,9,9.0,1
153,105,9.0,1
155,110,9.0,1
155,162,9.0,1
155,165,9.0,1
155,169,9.0,1
157,84,9.0,1
157,107,9.0,1
157,159,9.0,1
157,172,9.0,1
158,23,9.0,1
158,25,9.0,1
158,98,9.0,1
158,108,9.0,1
158,161,9.0,1
158,177,9.0,1
159,49,9.0,1
159,107,9.0,1
159,157,9.0,1
161,23,9.0,1
161,72,9.0,1
161,74,9.0,1
161,105,9.0,1
161,151,9.0,1
161,158,9.0,1
161,177,9.0,1
162,110,9.0,1
162,155,9.0,1
162,165,9.0,1
162,169,9.0,1
165,110,9.0,1
165,155,9.0,1
165,162,9.0,1
165,169,9.0,1
169,36,9.0,1
169,38,9.0,1
169,78,9.0,1
169,110,9.0,1
169,155,9.0,1
169,162,9.0,1
169,165,9.0,1
169,172,9.0,1
170,95,9.0,1
171,62,9.0,1
171,115,9.0,1
171,174,9.0,1
172,29,9.0,1
172,50,9.0,1
172,106,9.0,1
172,107,9.0,1
172,110,9.0,1
172,136,9.0,1
172,157,9.0,1
172,169,9.0,1
174,29,9.0,1
174,50,9.0,1
174,62,9.0,1
174,115,9.0,1
174,171,9.0,1
176,90,9.0,1
176,102,9.0,1
176,116,9.0,1
176,126,9.0,1
177,23,9.0,1
177,33,9.0,1
177,103,9.0,1
177,151,9.0,1
177,158,9.0,1
177,161,9.0,1
179,80,9.0,1
179,84,9.0,1
181,51,9.0,1
181,63,9.0,1
181,73,9.0,1
181,74,9.0,1
181,105,9.0,1
181,107,9.0,1
182,17,9.0,1
182,90,9.0,1
1,4,10.0,1
1,39,10.0,1
1,43,10.0,1
1,70,10.0,1
1,82,10.0,1
1,89,10.0,1
1,153,10.0,1
2,130,10.0,1
4,1,10.0,1
4,41,10.0,1
4,51,10.0,1
4,70,10.0,1
4,80,10.0,1
4,101,10.0,1
5,51,10.0,1
5,72,10.0,1
5,74,10.0,1
5,82,10.0,1
5,128,10.0,1
6,34,10.0,1
6,63,10.0,1
6,82,10.0,1
6,115,10.0,1
6,126,10.0,1
6,136,10.0,1
6,171,10.0,1
6,174,10.0,1
8,33,10.0,1
8,37,10.0,1
8,98,10.0,1
8,124,10.0,1
8,151,10.0,1
9,13,10.0,1
9,20,10.0,1
9,30,10.0,1
9,48,10.0,1
9,91,10.0,1
9,152,10.0,1
10,130,10.0,1
12,37,10.0,1
13,9,10.0,1
13,30,10.0,1
13,91,10.0,1
13,104,10.0,1
14,90,10.0,1
14,130,10.0,1
15,75,10.0,1
16,126,10.0,1
17,45,10.0,1
17,81,10.0,1
17,130,10.0,1
20,9,10.0,1
21,32,10.0,1
23,151,10.0,1
23,158,10.0,1
23,161,10.0,1
25,108,10.0,1
25,124,10.0,1
25,158,10.0,1
28,107,10.0,1
28,133,10.0,1
28,153,10.0,1
29,37,10.0,1
29,50,10.0,1
29,106,10.0,1
29,165,10.0,1
29,174,10.0,1
30,9,10.0,1
30,13,10.0,1
30,91,10.0,1
31,151,10.0,1
32,21,10.0,1
32,35,10.0,1
32,44,10.0,1
32,77,10.0,1
32,149,10.0,1
33,8,10.0,1
33,151,10.0,1
34,6,10.0,1
34,63,10.0,1
34,73,10.0,1
34,82,10.0,1
34,107,10.0,1
34,144,10.0,1
34,146,10.0,1
34,158,10.0,1
35,32,10.0,1
35,138,10.0,1
36,41,10.0,1
36,78,10.0,1
36,80,10.0,1
37,8,10.0,1
37,12,10.0,1
37,29,10.0,1
37,38,10.0,1
37,50,10.0,1
37,57,10.0,1
37,74,10.0,1
37,92,10.0,1
37,110,10.0,1
37,123,10.0,1
37,147,10.0,1
37,155,10.0,1
37,162,10.0,1
37,165,10.0,1
37,169,10.0,1
37,172,10.0,1
38,37,10.0,1
38,92,10.0,1
38,107,10.0,1
38,110,10.0,1
38,133,10.0,1
39,1,10.0,1
39,68,10.0,1
39,70,10.0,1
39,75,10.0,1
39,118,10.0,1
41,4,10.0,1
41,36,10.0,1
41,78,10.0,1
41,80,10.0,1
41,90,10.0,1
41,101,10.0,1
41,127,10.0,1
41,130,10.0,1
43,1,10.0,1
43,45,10.0,1
43,70,10.0,1
43,78,10.0,1
43,130,10.0,1
43,175,10.0,1
44,32,10.0,1
45,17,10.0,1
45,43,10.0,1
45,130,10.0,1
47,90,10.0,1
47,126,10.0,1
47,136,10.0,1
48,9,10.0,1
48,152,10.0,1
49,107,10.0,1
50,29,10.0,1
50,37,10.0,1
50,110,10.0,1
50,174,10.0,1
51,4,10.0,1
51,5,10.0,1
51,54,10.0,1
51,70,10.0,1
51,73,10.0,1
51,74,10.0,1
51,82,10.0,1
51,105,10.0,1
51,107,10.0,1
51,147,10.0,1
51,153,10.0,1
51,161,10.0,1
51,175,10.0,1
54,51,10.0,1
54,89,10.0,1
57,37,10.0,1
57,69,10.0,1
57,73,10.0,1
57,74,10.0,1
57,123,10.0,1
61,90,10.0,1
61,93,10.0,1
61,118,10.0,1
61,126,10.0,1
62,90,10.0,1
62,126,10.0,1
62,136,10.0,1
62,171,10.0,1
63,6,10.0,1
63,34,10.0,1
63,146,10.0,1
68,39,10.0,1
68,70,10.0,1
69,57,10.0,1
69,74,10.0,1
70,1,10.0,1
70,4,10.0,1
70,39,10.0,1
70,43,10.0,1
70,51,10.0,1
70,68,10.0,1
70,82,10.0,1
70,101,10.0,1
70,157,10.0,1
72,5,10.0,1
73,34,10.0,1
73,51,10.0,1
73,57,10.0,1
73,74,10.0,1
73,94,10.0,1
73,105,10.0,1
73,136,10.0,1
73,146,10.0,1
74,5,10.0,1
74,37,10.0,1
74,51,10.0,1
74,57,10.0,1
74,69,10.0,1
74,73,10.0,1
74,82,10.0,1
74,94,10.0,1
74,105,10.0,1
74,107,10.0,1
74,128,10.0,1
74,147,10.0,1
74,161,10.0,1
74,181,10.0,1
75,15,10.0,1
75,39,10.0,1
77,32,10.0,1
78,36,10.0,1
78,41,10.0,1
78,43,10.0,1
78,80,10.0,1
78,82,10.0,1
78,107,10.0,1
80,4,10.0,1
80,36,10.0,1
80,41,10.0,1
80,78,10.0,1
80,101,10.0,1
80,127,10.0,1
81,17,10.0,1
81,130,10.0,1
81,157,10.0,1
82,1,10.0,1
82,5,10.0,1
82,6,10.0,1
82,34,10.0,1
82,51,10.0,1
82,70,10.0,1
82,74,10.0,1
82,78,10.0,1
82,84,10.0,1
82,93,10.0,1
82,105,10.0,1
82,107,10.0,1
82,126,10.0,1
82,133,10.0,1
82,146,10.0,1
82,147,10.0,1
82,157,10.0,1
82,159,10.0,1
82,161,10.0,1
82,175,10.0,1
82,181,10.0,1
84,82,10.0,1
84,130,10.0,1
88,130,10.0,1
89,1,10.0,1
89,54,10.0,1
89,90,10.0,1
89,93,10.0,1
89,126,10.0,1
89,136,10.0,1
89,157,10.0,1
90,14,10.0,1
90,41,10.0,1
90,47,10.0,1
90,61,10.0,1
90,62,10.0,1
90,89,10.0,1
90,93,10.0,1
90,102,10.0,1
90,118,10.0,1
90,120,10.0,1
90,126,10.0,1
90,130,10.0,1
90,136,10.0,1
90,176,10.0,1
91,9,10.0,1
91,13,10.0,1
91,30,10.0,1
92,37,10.0,1
92,38,10.0,1
92,172,10.0,1
93,61,10.0,1
93,82,10.0,1
93,89,10.0,1
93,90,10.0,1
93,126,10.0,1
94,73,10.0,1
94,74,10.0,1
94,175,10.0,1
94,182,10.0,1
95,98,10.0,1
95,103,10.0,1
95,124,10.0,1
98,8,10.0,1
98,95,10.0,1
98,103,10.0,1
98,113,10.0,1
98,124,10.0,1
101,4,10.0,1
101,41,10.0,1
101,70,10.0,1
101,80,10.0,1
101,127,10.0,1
102,90,10.0,1
102,126,10.0,1
102,136,10.0,1
103,95,10.0,1
103,98,10.0,1
103,113,10.0,1
103,124,10.0,1
103,177,10.0,1
104,13,10.0,1
105,51,10.0,1
105,73,10.0,1
105,74,10.0,1
105,82,10.0,1
105,107,10.0,1
105,128,10.0,1
105,153,10.0,1
105,161,10.0,1
105,181,10.0,1
106,29,10.0,1
106,107,10.0,1
107,28,10.0,1
107,34,10.0,1
107,38,10.0,1
107,49,10.0,1
107,51,10.0,1
107,74,10.0,1
107,78,10.0,1
107,82,10.0,1
107,105,10.0,1
107,106,10.0,1
107,147,10.0,1
108,25,10.0,1
108,124,10.0,1
108,158,10.0,1
110,37,10.0,1
110,38,10.0,1
110,50,10.0,1
110,155,10.0,1
110,162,10.0,1
110,165,10.0,1
110,169,10.0,1
110,172,10.0,1
113,98,10.0,1
113,103,10.0,1
113,124,10.0,1
115,6,10.0,1
115,171,10.0,1
115,174,10.0,1
118,39,10.0,1
118,61,10.0,1
118,90,10.0,1
118,126,10.0,1
118,176,10.0,1
120,90,10.0,1
120,126,10.0,1
123,37,10.0,1
123,57,10.0,1
124,8,10.0,1
124,25,10.0,1
124,95,10.0,1
124,98,10.0,1
124,103,10.0,1
124,108,10.0,1
124,113,10.0,1
124,170,10.0,1
126,6,10.0,1
126,16,10.0,1
126,47,10.0,1
126,61,10.0,1
126,62,10.0,1
126,82,10.0,1
126,89,10.0,1
126,90,10.0,1
126,93,10.0,1
126,102,10.0,1
126,118,10.0,1
126,120,10.0,1
126,134,10.0,1
126,136,10.0,1
126,148,10.0,1
126,153,10.0,1
126,157,10.0,1
126,159,10.0,1
126,176,10.0,1
127,41,10.0,1
127,80,10.0,1
127,101,10.0,1
128,5,10.0,1
128,74,10.0,1
128,105,10.0,1
130,2,10.0,1
130,10,10.0,1
130,14,10.0,1
130,17,10.0,1
130,41,10.0,1
130,43,10.0,1
130,45,10.0,1
130,81,10.0,1
130,84,10.0,1
130,88,10.0,1
130,90,10.0,1
130,157,10.0,1
130,179,10.0,1
130,182,10.0,1
133,28,10.0,1
133,38,10.0,1
133,82,10.0,1
133,149,10.0,1
133,183,10.0,1
134,126,10.0,1
134,171,10.0,1
136,6,10.0,1
136,47,10.0,1
136,62,10.0,1
136,73,10.0,1
136,89,10.0,1
136,90,10.0,1
136,102,10.0,1
136,126,10.0,1
136,182,10.0,1
138,35,10.0,1
144,34,10.0,1
146,34,10.0,1
146,63,10.0,1
146,73,10.0,1
146,82,10.0,1
147,37,10.0,1
147,51,10.0,1
147,74,10.0,1
147,82,10.0,1
147,107,10.0,1
148,126,10.0,1
149,32,10.0,1
149,133,10.0,1
151,8,10.0,1
151,23,10.0,1
151,31,10.0,1
151,33,10.0,1
151,161,10.0,1
151,172,10.0,1
151,177,10.0,1
152,9,10.0,1
152,48,10.0,1
153,1,10.0,1
153,28,10.0,1
153,51,10.0,1
153,105,10.0,1
153,126,10.0,1
153,157,10.0,1
153,159,10.0,1
153,183,10.0,1
155,37,10.0,1
155,110,10.0,1
155,162,10.0,1
155,165,10.0,1
155,169,10.0,1
157,70,10.0,1
157,81,10.0,1
157,82,10.0,1
157,89,10.0,1
157,126,10.0,1
157,130,10.0,1
157,153,10.0,1
157,159,10.0,1
158,23,10.0,1
158,25,10.0,1
158,34,10.0,1
158,108,10.0,1
159,82,10.0,1
159,126,10.0,1
159,153,10.0,1
159,157,10.0,1
161,23,10.0,1
161,51,10.0,1
161,74,10.0,1
161,82,10.0,1
161,105,10.0,1
161,151,10.0,1
162,37,10.0,1
162,110,10.0,1
162,155,10.0,1
162,165,10.0,1
162,169,10.0,1
162,172,10.0,1
165,29,10.0,1
165,37,10.0,1
165,110,10.0,1
165,155,10.0,1
165,162,10.0,1
165,169,10.0,1
169,37,10.0,1
169,110,10.0,1
169,155,10.0,1
169,162,10.0,1
169,165,10.0,1
170,124,10.0,1
171,6,10.0,1
171,62,10.0,1
171,115,10.0,1
171,134,10.0,1
171,174,10.0,1
172,37,10.0,1
172,92,10.0,1
172,110,10.0,1
172,151,10.0,1
172,162,10.0,1
174,6,10.0,1
174,29,10.0,1
174,50,10.0,1
174,115,10.0,1
174,171,10.0,1
175,43,10.0,1
175,51,10.0,1
175,82,10.0,1
175,94,10.0,1
176,90,10.0,1
176,118,10.0,1
176,126,10.0,1
177,103,10.0,1
177,151,10.0,1
179,130,10.0,1
181,74,10.0,1
181,82,10.0,1
181,105,10.0,1
182,94,10.0,1
182,130,10.0,1
182,136,10.0,1
183,133,10.0,1
183,153,10.0,1
